EventID,Date,UserID,Feature,EventType,ChurnFlag
1,2024-03-23,USR_0133,Analytics Dashboard,Adopt,1
2,2025-08-30,USR_0495,Analytics Dashboard,Churn,0
3,2025-03-12,USR_0194,Stakeholder Tool,Adopt,0
4,2024-02-12,USR_0500,Meeting Optimizer,Churn,0
5,2025-03-14,USR_0411,Meeting Optimizer,Churn,0
6,2025-01-10,USR_0317,Analytics Dashboard,Churn,0
7,2025-12-20,USR_0089,Roadmap Planner,Adopt,0
8,2025-05-12,USR_0367,Meeting Optimizer,Adopt,1
9,2025-12-20,USR_0079,Meeting Optimizer,Adopt,0
10,2025-06-02,USR_0497,Roadmap Planner,Adopt,0
11,2024-07-06,USR_0401,Analytics Dashboard,Adopt,1
12,2024-09-16,USR_0039,Roadmap Planner,Adopt,0
13,2025-03-17,USR_0390,Roadmap Planner,Adopt,0
14,2024-02-02,USR_0012,Roadmap Planner,Adopt,1
15,2025-02-25,USR_0364,Stakeholder Tool,Adopt,1
16,2024-07-15,USR_0251,Stakeholder Tool,Adopt,1
17,2025-08-11,USR_0392,Stakeholder Tool,Adopt,0
18,2024-07-13,USR_0333,Meeting Optimizer,Churn,0
19,2024-05-13,USR_0025,Analytics Dashboard,Adopt,0
20,2025-04-12,USR_0068,Roadmap Planner,Churn,1
21,2024-09-25,USR_0367,Analytics Dashboard,Adopt,0
22,2025-11-29,USR_0037,Meeting Optimizer,Churn,1
23,2025-03-19,USR_0328,Stakeholder Tool,Churn,0
24,2024-03-04,USR_0407,Analytics Dashboard,Adopt,0
25,2024-10-29,USR_0135,Stakeholder Tool,Churn,0
26,2024-12-10,USR_0182,Stakeholder Tool,Adopt,0
27,2024-11-24,USR_0009,Analytics Dashboard,Churn,0
28,2024-06-12,USR_0037,Meeting Optimizer,Churn,0
29,2024-07-15,USR_0276,Roadmap Planner,Adopt,1
30,2025-11-28,USR_0075,Roadmap Planner,Adopt,0
31,2024-05-23,USR_0210,Roadmap Planner,Churn,1
32,2024-08-02,USR_0174,Meeting Optimizer,Churn,0
33,2025-08-24,USR_0222,Meeting Optimizer,Churn,0
34,2024-01-24,USR_0050,Analytics Dashboard,Churn,0
35,2024-03-19,USR_0377,Analytics Dashboard,Adopt,0
36,2024-12-12,USR_0357,Stakeholder Tool,Churn,0
37,2024-09-29,USR_0132,Stakeholder Tool,Adopt,0
38,2025-09-08,USR_0201,Analytics Dashboard,Churn,0
39,2025-08-04,USR_0362,Stakeholder Tool,Adopt,0
40,2024-03-19,USR_0314,Roadmap Planner,Adopt,0
41,2024-08-28,USR_0455,Analytics Dashboard,Churn,0
42,2025-09-01,USR_0402,Analytics Dashboard,Churn,1
43,2025-07-22,USR_0291,Meeting Optimizer,Adopt,1
44,2024-09-29,USR_0428,Analytics Dashboard,Churn,0
45,2024-07-16,USR_0390,Analytics Dashboard,Churn,0
46,2024-03-09,USR_0055,Roadmap Planner,Adopt,0
47,2024-09-26,USR_0103,Roadmap Planner,Adopt,0
48,2025-12-20,USR_0062,Roadmap Planner,Adopt,1
49,2024-03-14,USR_0176,Roadmap Planner,Adopt,1
50,2025-10-10,USR_0273,Stakeholder Tool,Adopt,0
51,2025-01-10,USR_0265,Roadmap Planner,Churn,0
52,2024-04-01,USR_0480,Meeting Optimizer,Adopt,0
53,2024-05-23,USR_0157,Analytics Dashboard,Adopt,0
54,2024-04-30,USR_0436,Meeting Optimizer,Churn,0
55,2024-09-10,USR_0084,Stakeholder Tool,Adopt,0
56,2024-01-18,USR_0071,Stakeholder Tool,Churn,0
57,2024-09-23,USR_0119,Roadmap Planner,Churn,0
58,2025-01-26,USR_0447,Analytics Dashboard,Adopt,0
59,2024-09-09,USR_0306,Stakeholder Tool,Adopt,0
60,2025-03-18,USR_0304,Analytics Dashboard,Churn,0
61,2024-12-08,USR_0232,Roadmap Planner,Churn,0
62,2025-02-05,USR_0309,Meeting Optimizer,Adopt,0
63,2024-10-01,USR_0321,Stakeholder Tool,Adopt,1
64,2024-12-04,USR_0090,Roadmap Planner,Churn,1
65,2024-03-28,USR_0151,Stakeholder Tool,Adopt,0
66,2025-07-30,USR_0108,Stakeholder Tool,Adopt,0
67,2025-08-12,USR_0422,Meeting Optimizer,Churn,1
68,2025-02-02,USR_0396,Stakeholder Tool,Churn,0
69,2024-12-01,USR_0354,Roadmap Planner,Churn,1
70,2024-10-20,USR_0059,Meeting Optimizer,Adopt,1
71,2024-06-16,USR_0098,Meeting Optimizer,Churn,0
72,2024-02-13,USR_0151,Stakeholder Tool,Adopt,1
73,2024-01-19,USR_0007,Stakeholder Tool,Adopt,0
74,2025-04-30,USR_0120,Analytics Dashboard,Churn,1
75,2024-06-01,USR_0493,Meeting Optimizer,Churn,0
76,2025-05-11,USR_0322,Stakeholder Tool,Adopt,0
77,2024-01-19,USR_0423,Meeting Optimizer,Adopt,1
78,2025-10-31,USR_0216,Meeting Optimizer,Adopt,0
79,2025-10-02,USR_0271,Stakeholder Tool,Adopt,0
80,2025-01-13,USR_0380,Analytics Dashboard,Adopt,0
81,2025-08-16,USR_0220,Roadmap Planner,Adopt,1
82,2024-11-06,USR_0088,Stakeholder Tool,Adopt,1
83,2025-10-19,USR_0463,Analytics Dashboard,Adopt,0
84,2025-04-30,USR_0044,Analytics Dashboard,Churn,0
85,2025-12-31,USR_0004,Meeting Optimizer,Adopt,1
86,2024-10-22,USR_0302,Roadmap Planner,Adopt,0
87,2024-06-19,USR_0107,Stakeholder Tool,Adopt,0
88,2025-11-23,USR_0013,Roadmap Planner,Churn,0
89,2024-06-10,USR_0031,Analytics Dashboard,Adopt,0
90,2025-01-30,USR_0395,Analytics Dashboard,Adopt,0
91,2025-04-23,USR_0170,Stakeholder Tool,Adopt,0
92,2025-04-15,USR_0053,Roadmap Planner,Adopt,0
93,2024-03-04,USR_0097,Analytics Dashboard,Adopt,1
94,2024-04-20,USR_0447,Analytics Dashboard,Adopt,0
95,2024-09-27,USR_0257,Meeting Optimizer,Churn,0
96,2024-09-05,USR_0265,Meeting Optimizer,Adopt,0
97,2025-02-10,USR_0093,Stakeholder Tool,Adopt,0
98,2024-08-07,USR_0042,Roadmap Planner,Churn,0
99,2024-11-21,USR_0314,Analytics Dashboard,Churn,1
100,2024-04-26,USR_0478,Stakeholder Tool,Adopt,0
101,2024-01-16,USR_0243,Meeting Optimizer,Adopt,0
102,2025-12-29,USR_0325,Stakeholder Tool,Adopt,1
103,2024-10-23,USR_0082,Roadmap Planner,Churn,0
104,2024-12-27,USR_0417,Stakeholder Tool,Adopt,0
105,2025-11-12,USR_0349,Analytics Dashboard,Churn,1
106,2025-12-22,USR_0473,Meeting Optimizer,Adopt,1
107,2025-01-08,USR_0137,Stakeholder Tool,Adopt,1
108,2024-06-20,USR_0130,Analytics Dashboard,Adopt,0
109,2025-03-29,USR_0003,Meeting Optimizer,Adopt,0
110,2025-05-05,USR_0098,Analytics Dashboard,Churn,1
111,2025-06-07,USR_0220,Stakeholder Tool,Adopt,1
112,2025-03-21,USR_0462,Roadmap Planner,Adopt,1
113,2025-08-23,USR_0394,Roadmap Planner,Adopt,0
114,2025-09-23,USR_0247,Stakeholder Tool,Adopt,0
115,2024-01-24,USR_0139,Analytics Dashboard,Adopt,1
116,2025-05-16,USR_0393,Roadmap Planner,Adopt,0
117,2025-01-27,USR_0069,Stakeholder Tool,Adopt,0
118,2024-01-26,USR_0225,Stakeholder Tool,Adopt,0
119,2024-07-23,USR_0438,Meeting Optimizer,Adopt,0
120,2024-09-12,USR_0488,Stakeholder Tool,Churn,1
121,2024-10-06,USR_0146,Meeting Optimizer,Adopt,0
122,2024-08-05,USR_0080,Roadmap Planner,Adopt,0
123,2024-05-13,USR_0137,Analytics Dashboard,Adopt,0
124,2024-08-19,USR_0024,Meeting Optimizer,Adopt,0
125,2025-05-22,USR_0404,Analytics Dashboard,Churn,0
126,2025-02-06,USR_0415,Roadmap Planner,Adopt,0
127,2025-02-15,USR_0281,Stakeholder Tool,Adopt,0
128,2024-10-16,USR_0274,Analytics Dashboard,Churn,1
129,2025-12-22,USR_0106,Roadmap Planner,Adopt,0
130,2025-04-30,USR_0466,Roadmap Planner,Churn,0
131,2025-04-15,USR_0366,Roadmap Planner,Adopt,1
132,2025-08-12,USR_0119,Stakeholder Tool,Churn,0
133,2024-01-22,USR_0105,Stakeholder Tool,Churn,0
134,2024-12-14,USR_0226,Analytics Dashboard,Churn,0
135,2024-07-17,USR_0281,Meeting Optimizer,Adopt,0
136,2024-05-15,USR_0034,Roadmap Planner,Churn,1
137,2025-03-19,USR_0405,Stakeholder Tool,Adopt,0
138,2024-08-20,USR_0012,Roadmap Planner,Adopt,0
139,2024-12-25,USR_0253,Meeting Optimizer,Adopt,1
140,2024-04-02,USR_0396,Analytics Dashboard,Adopt,0
141,2025-02-18,USR_0284,Stakeholder Tool,Adopt,0
142,2025-10-26,USR_0031,Meeting Optimizer,Adopt,0
143,2025-11-09,USR_0086,Stakeholder Tool,Churn,0
144,2024-05-15,USR_0381,Meeting Optimizer,Adopt,1
145,2025-09-08,USR_0444,Meeting Optimizer,Adopt,0
146,2024-08-11,USR_0427,Meeting Optimizer,Churn,0
147,2025-02-18,USR_0184,Stakeholder Tool,Adopt,0
148,2024-02-13,USR_0315,Analytics Dashboard,Adopt,0
149,2025-11-22,USR_0177,Stakeholder Tool,Churn,0
150,2024-03-20,USR_0290,Roadmap Planner,Adopt,0
151,2024-07-14,USR_0016,Stakeholder Tool,Churn,1
152,2025-07-26,USR_0103,Analytics Dashboard,Churn,0
153,2025-07-26,USR_0457,Stakeholder Tool,Adopt,1
154,2024-06-01,USR_0260,Analytics Dashboard,Adopt,1
155,2024-05-23,USR_0344,Roadmap Planner,Adopt,0
156,2025-08-11,USR_0152,Meeting Optimizer,Churn,1
157,2024-02-20,USR_0246,Roadmap Planner,Churn,0
158,2024-05-20,USR_0314,Roadmap Planner,Adopt,0
159,2024-02-25,USR_0109,Roadmap Planner,Adopt,0
160,2025-08-22,USR_0084,Meeting Optimizer,Adopt,1
161,2024-09-26,USR_0203,Stakeholder Tool,Churn,1
162,2025-11-28,USR_0387,Roadmap Planner,Churn,0
163,2025-01-05,USR_0130,Meeting Optimizer,Adopt,0
164,2025-01-05,USR_0211,Meeting Optimizer,Adopt,1
165,2025-09-28,USR_0042,Stakeholder Tool,Adopt,0
166,2024-03-11,USR_0390,Roadmap Planner,Churn,0
167,2025-06-03,USR_0048,Analytics Dashboard,Adopt,0
168,2025-06-05,USR_0466,Roadmap Planner,Churn,0
169,2024-04-08,USR_0495,Stakeholder Tool,Adopt,1
170,2025-07-13,USR_0293,Roadmap Planner,Churn,0
171,2025-06-03,USR_0325,Roadmap Planner,Adopt,1
172,2025-02-17,USR_0075,Analytics Dashboard,Adopt,0
173,2025-06-08,USR_0194,Roadmap Planner,Churn,0
174,2024-04-05,USR_0105,Analytics Dashboard,Churn,1
175,2025-04-08,USR_0331,Analytics Dashboard,Churn,1
176,2025-02-17,USR_0220,Meeting Optimizer,Churn,0
177,2025-11-07,USR_0053,Meeting Optimizer,Churn,1
178,2025-10-12,USR_0004,Roadmap Planner,Adopt,0
179,2025-03-17,USR_0266,Stakeholder Tool,Adopt,1
180,2024-05-31,USR_0112,Meeting Optimizer,Adopt,0
181,2025-07-14,USR_0286,Analytics Dashboard,Churn,0
182,2024-07-17,USR_0046,Stakeholder Tool,Adopt,1
183,2025-10-23,USR_0328,Analytics Dashboard,Adopt,0
184,2025-09-19,USR_0193,Roadmap Planner,Adopt,0
185,2025-09-16,USR_0083,Analytics Dashboard,Adopt,1
186,2024-05-01,USR_0410,Meeting Optimizer,Adopt,0
187,2024-02-20,USR_0168,Meeting Optimizer,Adopt,0
188,2025-09-19,USR_0257,Roadmap Planner,Adopt,0
189,2024-09-13,USR_0207,Analytics Dashboard,Adopt,1
190,2024-10-09,USR_0215,Meeting Optimizer,Churn,0
191,2024-04-12,USR_0269,Analytics Dashboard,Adopt,1
192,2024-10-25,USR_0056,Stakeholder Tool,Churn,0
193,2024-08-05,USR_0278,Roadmap Planner,Adopt,0
194,2024-04-05,USR_0288,Analytics Dashboard,Adopt,0
195,2025-04-12,USR_0026,Analytics Dashboard,Churn,1
196,2024-07-04,USR_0299,Roadmap Planner,Churn,0
197,2024-09-29,USR_0493,Analytics Dashboard,Adopt,0
198,2025-12-12,USR_0182,Meeting Optimizer,Adopt,0
199,2024-10-13,USR_0472,Stakeholder Tool,Churn,0
200,2025-08-24,USR_0234,Stakeholder Tool,Adopt,1
201,2025-06-26,USR_0374,Meeting Optimizer,Adopt,1
202,2025-09-14,USR_0021,Roadmap Planner,Adopt,0
203,2025-12-14,USR_0414,Roadmap Planner,Adopt,1
204,2025-11-02,USR_0131,Meeting Optimizer,Adopt,0
205,2025-03-09,USR_0057,Analytics Dashboard,Churn,0
206,2025-09-28,USR_0088,Stakeholder Tool,Churn,1
207,2024-02-01,USR_0227,Meeting Optimizer,Adopt,0
208,2024-04-21,USR_0438,Stakeholder Tool,Churn,0
209,2025-09-16,USR_0336,Stakeholder Tool,Churn,0
210,2025-10-29,USR_0356,Stakeholder Tool,Adopt,0
211,2024-03-12,USR_0205,Stakeholder Tool,Churn,1
212,2025-09-07,USR_0178,Meeting Optimizer,Adopt,1
213,2025-12-18,USR_0464,Stakeholder Tool,Adopt,0
214,2024-08-22,USR_0259,Meeting Optimizer,Churn,1
215,2024-10-11,USR_0100,Meeting Optimizer,Churn,0
216,2024-10-03,USR_0223,Analytics Dashboard,Churn,0
217,2025-03-24,USR_0433,Stakeholder Tool,Churn,0
218,2025-11-03,USR_0198,Meeting Optimizer,Churn,1
219,2025-02-15,USR_0480,Stakeholder Tool,Churn,1
220,2025-12-01,USR_0096,Stakeholder Tool,Adopt,0
221,2025-07-19,USR_0289,Roadmap Planner,Adopt,0
222,2025-10-04,USR_0106,Roadmap Planner,Churn,0
223,2025-12-11,USR_0406,Stakeholder Tool,Adopt,1
224,2025-05-04,USR_0221,Meeting Optimizer,Churn,0
225,2024-09-20,USR_0493,Meeting Optimizer,Adopt,1
226,2024-01-11,USR_0188,Meeting Optimizer,Adopt,1
227,2025-09-28,USR_0059,Meeting Optimizer,Adopt,0
228,2024-05-02,USR_0204,Stakeholder Tool,Adopt,0
229,2025-01-21,USR_0183,Analytics Dashboard,Adopt,0
230,2025-10-08,USR_0345,Stakeholder Tool,Churn,0
231,2025-11-26,USR_0169,Roadmap Planner,Adopt,0
232,2024-02-25,USR_0067,Stakeholder Tool,Adopt,0
233,2024-08-16,USR_0215,Roadmap Planner,Adopt,1
234,2024-04-04,USR_0379,Stakeholder Tool,Adopt,0
235,2024-07-31,USR_0400,Meeting Optimizer,Adopt,0
236,2025-05-02,USR_0455,Stakeholder Tool,Churn,0
237,2024-05-26,USR_0299,Meeting Optimizer,Adopt,0
238,2025-05-17,USR_0310,Stakeholder Tool,Adopt,0
239,2024-01-22,USR_0040,Analytics Dashboard,Churn,1
240,2025-04-13,USR_0270,Analytics Dashboard,Adopt,0
241,2025-04-14,USR_0070,Meeting Optimizer,Churn,0
242,2025-07-20,USR_0303,Analytics Dashboard,Churn,0
243,2025-11-15,USR_0066,Roadmap Planner,Adopt,0
244,2025-04-25,USR_0234,Meeting Optimizer,Churn,1
245,2025-01-11,USR_0225,Analytics Dashboard,Churn,0
246,2025-08-05,USR_0350,Meeting Optimizer,Adopt,0
247,2025-09-14,USR_0146,Analytics Dashboard,Churn,0
248,2025-01-04,USR_0244,Meeting Optimizer,Adopt,0
249,2024-07-25,USR_0367,Roadmap Planner,Adopt,0
250,2025-06-16,USR_0490,Meeting Optimizer,Adopt,0
251,2025-04-08,USR_0139,Stakeholder Tool,Churn,1
252,2025-04-25,USR_0036,Analytics Dashboard,Adopt,0
253,2025-03-14,USR_0029,Roadmap Planner,Churn,1
254,2025-11-15,USR_0458,Roadmap Planner,Churn,0
255,2024-12-27,USR_0438,Stakeholder Tool,Adopt,0
256,2025-04-14,USR_0267,Meeting Optimizer,Churn,0
257,2024-08-28,USR_0163,Stakeholder Tool,Adopt,1
258,2024-01-29,USR_0162,Meeting Optimizer,Adopt,0
259,2025-04-17,USR_0387,Roadmap Planner,Adopt,0
260,2024-03-02,USR_0095,Analytics Dashboard,Adopt,0
261,2025-08-26,USR_0136,Stakeholder Tool,Churn,1
262,2024-02-18,USR_0075,Stakeholder Tool,Adopt,0
263,2024-02-11,USR_0444,Roadmap Planner,Adopt,0
264,2024-08-08,USR_0344,Stakeholder Tool,Adopt,0
265,2024-04-24,USR_0322,Analytics Dashboard,Adopt,0
266,2025-02-17,USR_0307,Stakeholder Tool,Churn,1
267,2024-09-09,USR_0208,Roadmap Planner,Adopt,0
268,2025-08-04,USR_0272,Analytics Dashboard,Adopt,0
269,2024-09-22,USR_0312,Roadmap Planner,Churn,1
270,2024-11-04,USR_0446,Roadmap Planner,Churn,1
271,2025-10-08,USR_0128,Analytics Dashboard,Churn,0
272,2024-08-20,USR_0203,Roadmap Planner,Adopt,0
273,2024-12-18,USR_0472,Meeting Optimizer,Adopt,0
274,2024-04-01,USR_0253,Roadmap Planner,Adopt,1
275,2024-07-08,USR_0257,Analytics Dashboard,Adopt,1
276,2024-05-01,USR_0311,Analytics Dashboard,Adopt,1
277,2024-04-03,USR_0152,Stakeholder Tool,Adopt,0
278,2024-08-22,USR_0059,Meeting Optimizer,Churn,0
279,2025-02-01,USR_0221,Roadmap Planner,Adopt,1
280,2024-08-14,USR_0077,Meeting Optimizer,Adopt,0
281,2024-10-06,USR_0371,Roadmap Planner,Churn,0
282,2025-10-30,USR_0391,Meeting Optimizer,Churn,0
283,2025-04-28,USR_0077,Stakeholder Tool,Adopt,0
284,2025-04-19,USR_0207,Roadmap Planner,Adopt,0
285,2025-10-09,USR_0082,Analytics Dashboard,Adopt,0
286,2024-08-02,USR_0497,Meeting Optimizer,Churn,1
287,2024-01-12,USR_0192,Roadmap Planner,Adopt,0
288,2025-07-26,USR_0245,Meeting Optimizer,Churn,1
289,2025-01-07,USR_0341,Stakeholder Tool,Adopt,0
290,2024-04-08,USR_0325,Meeting Optimizer,Adopt,0
291,2024-05-28,USR_0143,Roadmap Planner,Adopt,1
292,2025-12-09,USR_0007,Meeting Optimizer,Adopt,0
293,2024-08-21,USR_0309,Analytics Dashboard,Adopt,1
294,2025-10-06,USR_0220,Roadmap Planner,Churn,1
295,2024-07-30,USR_0083,Analytics Dashboard,Adopt,0
296,2024-11-15,USR_0184,Analytics Dashboard,Adopt,0
297,2024-09-27,USR_0060,Stakeholder Tool,Churn,1
298,2024-04-20,USR_0166,Analytics Dashboard,Churn,0
299,2024-10-06,USR_0132,Roadmap Planner,Adopt,1
300,2025-09-11,USR_0226,Roadmap Planner,Churn,0
301,2024-06-23,USR_0067,Stakeholder Tool,Adopt,1
302,2024-11-28,USR_0432,Analytics Dashboard,Adopt,0
303,2024-05-09,USR_0342,Stakeholder Tool,Churn,1
304,2024-08-01,USR_0461,Roadmap Planner,Churn,0
305,2025-06-28,USR_0368,Meeting Optimizer,Churn,1
306,2025-10-25,USR_0013,Meeting Optimizer,Adopt,1
307,2025-08-01,USR_0339,Meeting Optimizer,Churn,0
308,2024-02-16,USR_0059,Meeting Optimizer,Churn,1
309,2025-06-11,USR_0250,Roadmap Planner,Adopt,0
310,2024-07-17,USR_0078,Analytics Dashboard,Adopt,0
311,2025-12-26,USR_0203,Analytics Dashboard,Adopt,0
312,2025-05-17,USR_0414,Roadmap Planner,Adopt,1
313,2025-06-14,USR_0233,Roadmap Planner,Churn,0
314,2024-08-21,USR_0113,Analytics Dashboard,Adopt,0
315,2025-04-19,USR_0372,Stakeholder Tool,Churn,0
316,2024-01-25,USR_0427,Meeting Optimizer,Churn,1
317,2024-11-01,USR_0264,Meeting Optimizer,Adopt,0
318,2024-12-16,USR_0464,Stakeholder Tool,Churn,1
319,2025-03-23,USR_0343,Stakeholder Tool,Churn,0
320,2025-05-06,USR_0135,Meeting Optimizer,Adopt,0
321,2025-01-07,USR_0385,Stakeholder Tool,Churn,0
322,2025-04-24,USR_0079,Stakeholder Tool,Adopt,0
323,2024-03-09,USR_0376,Roadmap Planner,Churn,1
324,2024-02-20,USR_0084,Roadmap Planner,Adopt,1
325,2024-01-26,USR_0317,Stakeholder Tool,Adopt,0
326,2024-06-20,USR_0310,Analytics Dashboard,Adopt,0
327,2024-03-21,USR_0352,Analytics Dashboard,Churn,0
328,2024-01-16,USR_0108,Meeting Optimizer,Churn,0
329,2024-12-23,USR_0227,Roadmap Planner,Churn,0
330,2024-04-29,USR_0167,Stakeholder Tool,Churn,0
331,2025-09-06,USR_0321,Analytics Dashboard,Churn,0
332,2025-03-05,USR_0174,Stakeholder Tool,Adopt,0
333,2025-08-03,USR_0021,Analytics Dashboard,Adopt,0
334,2024-12-18,USR_0492,Meeting Optimizer,Adopt,0
335,2024-10-01,USR_0093,Meeting Optimizer,Adopt,1
336,2024-01-03,USR_0307,Analytics Dashboard,Adopt,1
337,2025-10-10,USR_0069,Analytics Dashboard,Churn,0
338,2025-11-16,USR_0351,Stakeholder Tool,Adopt,0
339,2025-01-31,USR_0112,Stakeholder Tool,Adopt,0
340,2025-12-17,USR_0147,Analytics Dashboard,Adopt,0
341,2025-04-16,USR_0134,Meeting Optimizer,Adopt,0
342,2025-04-23,USR_0030,Meeting Optimizer,Adopt,0
343,2024-09-15,USR_0120,Analytics Dashboard,Adopt,0
344,2025-09-08,USR_0048,Meeting Optimizer,Churn,0
345,2024-01-10,USR_0413,Analytics Dashboard,Adopt,0
346,2024-11-17,USR_0263,Stakeholder Tool,Adopt,0
347,2024-08-08,USR_0386,Stakeholder Tool,Churn,1
348,2025-11-29,USR_0250,Roadmap Planner,Churn,0
349,2025-11-18,USR_0104,Analytics Dashboard,Adopt,0
350,2024-02-18,USR_0167,Roadmap Planner,Adopt,0
351,2025-08-25,USR_0004,Roadmap Planner,Adopt,1
352,2024-11-04,USR_0049,Roadmap Planner,Adopt,0
353,2024-05-12,USR_0269,Analytics Dashboard,Adopt,0
354,2024-12-07,USR_0252,Analytics Dashboard,Adopt,0
355,2024-09-09,USR_0409,Roadmap Planner,Churn,0
356,2024-04-16,USR_0263,Analytics Dashboard,Adopt,0
357,2024-08-26,USR_0006,Roadmap Planner,Adopt,0
358,2025-08-16,USR_0165,Stakeholder Tool,Adopt,0
359,2025-03-30,USR_0254,Analytics Dashboard,Adopt,0
360,2025-01-16,USR_0093,Stakeholder Tool,Churn,0
361,2024-09-24,USR_0474,Analytics Dashboard,Adopt,1
362,2025-10-23,USR_0431,Meeting Optimizer,Adopt,1
363,2025-06-13,USR_0278,Stakeholder Tool,Adopt,0
364,2025-01-23,USR_0051,Analytics Dashboard,Churn,0
365,2024-03-02,USR_0380,Analytics Dashboard,Churn,0
366,2024-12-02,USR_0173,Stakeholder Tool,Churn,0
367,2024-12-09,USR_0202,Meeting Optimizer,Churn,0
368,2024-12-18,USR_0176,Roadmap Planner,Adopt,0
369,2025-12-28,USR_0426,Roadmap Planner,Adopt,0
370,2024-03-11,USR_0095,Roadmap Planner,Adopt,0
371,2025-08-24,USR_0014,Analytics Dashboard,Churn,0
372,2025-05-09,USR_0373,Roadmap Planner,Adopt,0
373,2025-06-21,USR_0268,Analytics Dashboard,Churn,0
374,2024-09-11,USR_0038,Stakeholder Tool,Churn,1
375,2024-01-09,USR_0059,Stakeholder Tool,Adopt,1
376,2024-07-19,USR_0462,Roadmap Planner,Adopt,1
377,2025-05-18,USR_0224,Roadmap Planner,Churn,0
378,2024-03-21,USR_0220,Stakeholder Tool,Adopt,0
379,2025-05-19,USR_0262,Stakeholder Tool,Adopt,0
380,2025-06-13,USR_0288,Roadmap Planner,Churn,0
381,2025-12-26,USR_0296,Analytics Dashboard,Adopt,1
382,2025-02-14,USR_0080,Analytics Dashboard,Adopt,0
383,2025-10-31,USR_0078,Meeting Optimizer,Churn,0
384,2024-10-06,USR_0404,Roadmap Planner,Adopt,0
385,2025-10-07,USR_0280,Roadmap Planner,Churn,1
386,2024-02-28,USR_0231,Analytics Dashboard,Adopt,0
387,2025-10-18,USR_0029,Meeting Optimizer,Adopt,0
388,2025-08-17,USR_0337,Meeting Optimizer,Churn,0
389,2025-01-29,USR_0094,Analytics Dashboard,Adopt,0
390,2025-02-09,USR_0411,Analytics Dashboard,Churn,0
391,2024-01-08,USR_0108,Meeting Optimizer,Churn,0
392,2024-10-02,USR_0378,Stakeholder Tool,Adopt,1
393,2024-03-12,USR_0173,Stakeholder Tool,Churn,0
394,2025-03-14,USR_0283,Stakeholder Tool,Adopt,0
395,2025-11-24,USR_0276,Meeting Optimizer,Adopt,0
396,2025-07-14,USR_0210,Roadmap Planner,Adopt,0
397,2024-04-14,USR_0290,Roadmap Planner,Adopt,1
398,2025-03-15,USR_0438,Stakeholder Tool,Churn,0
399,2024-02-21,USR_0252,Meeting Optimizer,Churn,0
400,2025-01-13,USR_0385,Roadmap Planner,Adopt,0
401,2025-01-12,USR_0294,Stakeholder Tool,Adopt,0
402,2024-02-16,USR_0013,Stakeholder Tool,Churn,0
403,2025-03-10,USR_0104,Meeting Optimizer,Churn,1
404,2025-03-11,USR_0303,Meeting Optimizer,Churn,1
405,2024-05-10,USR_0264,Roadmap Planner,Adopt,0
406,2024-06-03,USR_0384,Roadmap Planner,Adopt,0
407,2025-08-15,USR_0327,Analytics Dashboard,Churn,0
408,2025-01-30,USR_0339,Meeting Optimizer,Adopt,1
409,2024-03-17,USR_0325,Roadmap Planner,Churn,0
410,2024-12-16,USR_0396,Meeting Optimizer,Adopt,0
411,2025-07-19,USR_0462,Roadmap Planner,Adopt,0
412,2025-10-22,USR_0408,Meeting Optimizer,Adopt,0
413,2024-10-23,USR_0320,Roadmap Planner,Adopt,0
414,2025-01-13,USR_0325,Analytics Dashboard,Churn,0
415,2024-02-07,USR_0100,Stakeholder Tool,Adopt,0
416,2024-07-31,USR_0480,Meeting Optimizer,Churn,0
417,2025-04-10,USR_0487,Roadmap Planner,Adopt,0
418,2024-12-24,USR_0202,Meeting Optimizer,Churn,1
419,2024-06-01,USR_0214,Meeting Optimizer,Adopt,0
420,2024-04-18,USR_0222,Stakeholder Tool,Adopt,0
421,2024-03-13,USR_0232,Stakeholder Tool,Adopt,0
422,2024-03-21,USR_0500,Analytics Dashboard,Adopt,0
423,2025-11-12,USR_0013,Analytics Dashboard,Adopt,0
424,2025-04-13,USR_0055,Stakeholder Tool,Churn,0
425,2024-01-09,USR_0412,Roadmap Planner,Adopt,1
426,2025-03-04,USR_0500,Analytics Dashboard,Adopt,1
427,2025-05-04,USR_0382,Analytics Dashboard,Churn,0
428,2024-06-15,USR_0472,Analytics Dashboard,Churn,1
429,2025-05-27,USR_0378,Roadmap Planner,Adopt,0
430,2024-01-09,USR_0084,Roadmap Planner,Adopt,0
431,2024-12-07,USR_0368,Meeting Optimizer,Adopt,0
432,2025-12-06,USR_0304,Roadmap Planner,Adopt,1
433,2024-02-17,USR_0366,Analytics Dashboard,Churn,1
434,2024-03-22,USR_0106,Stakeholder Tool,Adopt,0
435,2025-08-05,USR_0389,Analytics Dashboard,Adopt,0
436,2025-07-02,USR_0154,Analytics Dashboard,Adopt,1
437,2024-05-22,USR_0020,Analytics Dashboard,Churn,1
438,2024-03-24,USR_0406,Stakeholder Tool,Adopt,1
439,2025-09-06,USR_0261,Analytics Dashboard,Adopt,0
440,2025-03-14,USR_0223,Meeting Optimizer,Adopt,0
441,2025-05-12,USR_0263,Stakeholder Tool,Adopt,1
442,2025-01-20,USR_0014,Meeting Optimizer,Churn,0
443,2024-01-17,USR_0499,Stakeholder Tool,Churn,0
444,2024-03-23,USR_0483,Analytics Dashboard,Adopt,0
445,2024-06-20,USR_0225,Roadmap Planner,Adopt,1
446,2024-06-17,USR_0486,Stakeholder Tool,Adopt,1
447,2024-07-06,USR_0115,Analytics Dashboard,Adopt,0
448,2024-05-07,USR_0258,Analytics Dashboard,Adopt,0
449,2024-11-26,USR_0467,Roadmap Planner,Churn,0
450,2025-04-11,USR_0096,Meeting Optimizer,Churn,1
451,2025-01-05,USR_0134,Analytics Dashboard,Adopt,0
452,2024-03-27,USR_0146,Stakeholder Tool,Churn,0
453,2025-07-12,USR_0372,Roadmap Planner,Churn,0
454,2025-12-23,USR_0012,Meeting Optimizer,Churn,0
455,2025-06-28,USR_0496,Stakeholder Tool,Adopt,1
456,2024-12-13,USR_0357,Meeting Optimizer,Adopt,0
457,2025-06-10,USR_0420,Roadmap Planner,Adopt,0
458,2025-01-07,USR_0019,Meeting Optimizer,Adopt,1
459,2024-11-02,USR_0008,Analytics Dashboard,Adopt,0
460,2024-10-15,USR_0453,Meeting Optimizer,Churn,1
461,2025-01-16,USR_0073,Roadmap Planner,Adopt,1
462,2024-03-18,USR_0034,Stakeholder Tool,Adopt,0
463,2024-07-25,USR_0463,Analytics Dashboard,Churn,0
464,2025-12-25,USR_0463,Roadmap Planner,Adopt,0
465,2024-09-23,USR_0239,Meeting Optimizer,Adopt,0
466,2025-09-25,USR_0304,Roadmap Planner,Adopt,0
467,2024-12-30,USR_0273,Stakeholder Tool,Adopt,1
468,2024-06-04,USR_0200,Analytics Dashboard,Adopt,0
469,2025-04-27,USR_0137,Analytics Dashboard,Adopt,0
470,2025-08-03,USR_0369,Stakeholder Tool,Churn,1
471,2025-06-02,USR_0114,Stakeholder Tool,Churn,1
472,2025-09-07,USR_0242,Roadmap Planner,Churn,0
473,2025-10-29,USR_0418,Roadmap Planner,Adopt,0
474,2024-11-05,USR_0426,Meeting Optimizer,Adopt,1
475,2024-03-22,USR_0258,Meeting Optimizer,Churn,0
476,2025-04-02,USR_0410,Analytics Dashboard,Churn,0
477,2024-09-18,USR_0353,Meeting Optimizer,Adopt,0
478,2024-02-08,USR_0318,Analytics Dashboard,Adopt,0
479,2025-10-10,USR_0117,Roadmap Planner,Churn,1
480,2025-08-05,USR_0013,Analytics Dashboard,Churn,0
481,2025-04-19,USR_0340,Meeting Optimizer,Churn,0
482,2024-10-04,USR_0497,Meeting Optimizer,Adopt,0
483,2024-10-05,USR_0194,Stakeholder Tool,Churn,0
484,2025-06-11,USR_0193,Analytics Dashboard,Churn,0
485,2025-08-04,USR_0224,Meeting Optimizer,Adopt,1
486,2025-03-09,USR_0133,Analytics Dashboard,Churn,0
487,2025-07-20,USR_0037,Stakeholder Tool,Churn,0
488,2025-03-21,USR_0419,Stakeholder Tool,Adopt,0
489,2024-03-03,USR_0091,Meeting Optimizer,Churn,0
490,2024-05-22,USR_0111,Meeting Optimizer,Adopt,0
491,2024-09-15,USR_0390,Meeting Optimizer,Adopt,0
492,2025-08-21,USR_0152,Roadmap Planner,Adopt,1
493,2024-01-18,USR_0247,Stakeholder Tool,Churn,1
494,2024-07-09,USR_0216,Roadmap Planner,Adopt,0
495,2025-05-15,USR_0266,Roadmap Planner,Adopt,0
496,2024-02-21,USR_0270,Meeting Optimizer,Adopt,1
497,2024-12-02,USR_0040,Stakeholder Tool,Adopt,0
498,2024-01-19,USR_0283,Meeting Optimizer,Churn,0
499,2025-10-18,USR_0162,Roadmap Planner,Adopt,0
500,2025-05-20,USR_0084,Stakeholder Tool,Adopt,0
501,2024-06-29,USR_0021,Stakeholder Tool,Adopt,0
502,2024-09-13,USR_0050,Analytics Dashboard,Churn,0
503,2025-05-22,USR_0325,Roadmap Planner,Adopt,0
504,2025-09-11,USR_0152,Stakeholder Tool,Churn,0
505,2025-11-16,USR_0422,Analytics Dashboard,Adopt,0
506,2025-12-17,USR_0100,Analytics Dashboard,Adopt,0
507,2025-02-19,USR_0335,Analytics Dashboard,Churn,0
508,2024-09-13,USR_0382,Stakeholder Tool,Adopt,0
509,2024-06-17,USR_0205,Roadmap Planner,Churn,1
510,2024-06-01,USR_0149,Roadmap Planner,Adopt,0
511,2025-09-28,USR_0295,Meeting Optimizer,Churn,0
512,2024-07-05,USR_0048,Analytics Dashboard,Adopt,1
513,2025-01-31,USR_0334,Meeting Optimizer,Adopt,0
514,2025-09-28,USR_0361,Analytics Dashboard,Adopt,0
515,2025-01-23,USR_0460,Meeting Optimizer,Adopt,0
516,2024-03-25,USR_0223,Stakeholder Tool,Churn,0
517,2024-05-04,USR_0118,Roadmap Planner,Adopt,0
518,2024-01-16,USR_0203,Analytics Dashboard,Churn,0
519,2024-01-12,USR_0135,Analytics Dashboard,Churn,0
520,2025-06-21,USR_0450,Roadmap Planner,Churn,0
521,2025-09-18,USR_0227,Stakeholder Tool,Churn,1
522,2024-09-29,USR_0483,Roadmap Planner,Adopt,1
523,2024-07-15,USR_0202,Meeting Optimizer,Adopt,0
524,2025-08-06,USR_0398,Roadmap Planner,Churn,0
525,2025-12-02,USR_0185,Analytics Dashboard,Churn,0
526,2024-06-08,USR_0021,Roadmap Planner,Churn,1
527,2025-01-10,USR_0428,Analytics Dashboard,Adopt,0
528,2024-10-19,USR_0275,Roadmap Planner,Adopt,1
529,2025-04-17,USR_0373,Roadmap Planner,Churn,1
530,2024-08-19,USR_0065,Roadmap Planner,Churn,1
531,2025-04-07,USR_0375,Meeting Optimizer,Churn,1
532,2024-06-15,USR_0192,Stakeholder Tool,Adopt,0
533,2024-09-29,USR_0371,Analytics Dashboard,Adopt,0
534,2024-11-04,USR_0278,Meeting Optimizer,Adopt,1
535,2024-01-05,USR_0479,Stakeholder Tool,Adopt,1
536,2025-11-24,USR_0391,Analytics Dashboard,Adopt,0
537,2024-05-26,USR_0354,Roadmap Planner,Churn,1
538,2024-05-06,USR_0252,Analytics Dashboard,Churn,1
539,2024-12-06,USR_0432,Analytics Dashboard,Adopt,0
540,2024-09-18,USR_0092,Analytics Dashboard,Adopt,0
541,2025-10-19,USR_0005,Analytics Dashboard,Adopt,0
542,2024-07-27,USR_0367,Meeting Optimizer,Churn,1
543,2024-05-22,USR_0131,Roadmap Planner,Churn,0
544,2024-01-01,USR_0420,Analytics Dashboard,Churn,0
545,2024-01-26,USR_0130,Stakeholder Tool,Churn,0
546,2025-03-02,USR_0204,Roadmap Planner,Churn,0
547,2025-03-10,USR_0249,Analytics Dashboard,Churn,1
548,2024-03-25,USR_0173,Roadmap Planner,Churn,1
549,2024-01-26,USR_0421,Roadmap Planner,Adopt,0
550,2024-03-22,USR_0112,Roadmap Planner,Adopt,1
551,2025-08-20,USR_0369,Roadmap Planner,Churn,0
552,2024-10-25,USR_0222,Roadmap Planner,Adopt,1
553,2024-03-17,USR_0466,Stakeholder Tool,Adopt,1
554,2025-06-29,USR_0494,Meeting Optimizer,Adopt,0
555,2025-08-02,USR_0271,Meeting Optimizer,Adopt,0
556,2025-01-05,USR_0075,Roadmap Planner,Adopt,0
557,2024-07-25,USR_0246,Meeting Optimizer,Adopt,0
558,2025-05-30,USR_0361,Analytics Dashboard,Adopt,0
559,2024-04-14,USR_0060,Analytics Dashboard,Adopt,1
560,2025-08-03,USR_0052,Stakeholder Tool,Adopt,0
561,2025-04-21,USR_0246,Meeting Optimizer,Adopt,1
562,2025-06-12,USR_0315,Roadmap Planner,Adopt,0
563,2025-10-02,USR_0027,Roadmap Planner,Churn,0
564,2024-04-11,USR_0117,Stakeholder Tool,Adopt,1
565,2024-07-25,USR_0006,Roadmap Planner,Churn,1
566,2024-06-03,USR_0049,Analytics Dashboard,Churn,1
567,2024-04-06,USR_0007,Roadmap Planner,Churn,0
568,2025-05-17,USR_0344,Analytics Dashboard,Churn,1
569,2024-12-31,USR_0028,Roadmap Planner,Adopt,0
570,2025-09-26,USR_0065,Analytics Dashboard,Adopt,1
571,2025-09-24,USR_0470,Roadmap Planner,Churn,1
572,2024-08-08,USR_0334,Meeting Optimizer,Adopt,1
573,2024-06-22,USR_0320,Stakeholder Tool,Adopt,1
574,2024-03-10,USR_0364,Stakeholder Tool,Adopt,0
575,2024-10-19,USR_0002,Analytics Dashboard,Adopt,0
576,2025-11-05,USR_0347,Roadmap Planner,Adopt,1
577,2025-08-01,USR_0376,Roadmap Planner,Churn,0
578,2024-03-04,USR_0343,Analytics Dashboard,Churn,0
579,2024-02-02,USR_0436,Stakeholder Tool,Adopt,0
580,2024-07-09,USR_0152,Meeting Optimizer,Churn,0
581,2025-03-19,USR_0287,Analytics Dashboard,Adopt,0
582,2025-07-15,USR_0433,Analytics Dashboard,Churn,0
583,2024-06-16,USR_0365,Analytics Dashboard,Adopt,0
584,2025-06-09,USR_0238,Analytics Dashboard,Churn,1
585,2024-11-24,USR_0308,Stakeholder Tool,Churn,1
586,2024-05-09,USR_0246,Roadmap Planner,Adopt,1
587,2025-04-26,USR_0241,Roadmap Planner,Adopt,1
588,2024-09-04,USR_0324,Stakeholder Tool,Adopt,0
589,2024-04-15,USR_0478,Roadmap Planner,Adopt,0
590,2025-11-25,USR_0044,Stakeholder Tool,Adopt,0
591,2025-10-15,USR_0329,Stakeholder Tool,Adopt,0
592,2025-12-07,USR_0439,Meeting Optimizer,Adopt,0
593,2025-06-22,USR_0041,Roadmap Planner,Churn,0
594,2024-01-10,USR_0394,Analytics Dashboard,Adopt,0
595,2024-06-18,USR_0344,Stakeholder Tool,Adopt,1
596,2024-01-17,USR_0261,Meeting Optimizer,Adopt,1
597,2024-03-16,USR_0434,Meeting Optimizer,Adopt,1
598,2025-09-24,USR_0148,Roadmap Planner,Adopt,1
599,2024-11-07,USR_0175,Stakeholder Tool,Adopt,0
600,2025-12-30,USR_0298,Stakeholder Tool,Adopt,0
601,2024-05-01,USR_0349,Meeting Optimizer,Adopt,0
602,2024-02-18,USR_0462,Stakeholder Tool,Adopt,0
603,2025-10-08,USR_0096,Meeting Optimizer,Churn,0
604,2025-03-17,USR_0383,Stakeholder Tool,Adopt,0
605,2024-11-25,USR_0017,Stakeholder Tool,Adopt,0
606,2024-06-09,USR_0076,Analytics Dashboard,Adopt,0
607,2024-09-06,USR_0303,Stakeholder Tool,Churn,0
608,2025-05-12,USR_0141,Roadmap Planner,Adopt,0
609,2025-04-13,USR_0091,Analytics Dashboard,Adopt,1
610,2024-12-06,USR_0143,Analytics Dashboard,Adopt,0
611,2025-08-04,USR_0148,Analytics Dashboard,Adopt,1
612,2024-03-05,USR_0082,Analytics Dashboard,Churn,0
613,2025-02-06,USR_0071,Stakeholder Tool,Adopt,0
614,2025-06-16,USR_0184,Roadmap Planner,Churn,1
615,2025-02-26,USR_0403,Meeting Optimizer,Adopt,0
616,2024-02-17,USR_0451,Analytics Dashboard,Adopt,0
617,2024-06-04,USR_0342,Roadmap Planner,Adopt,0
618,2025-07-16,USR_0343,Roadmap Planner,Adopt,0
619,2025-04-27,USR_0051,Analytics Dashboard,Adopt,1
620,2025-01-21,USR_0169,Meeting Optimizer,Churn,1
621,2025-02-26,USR_0123,Meeting Optimizer,Adopt,0
622,2024-11-27,USR_0182,Analytics Dashboard,Churn,0
623,2024-03-10,USR_0060,Roadmap Planner,Churn,1
624,2025-05-12,USR_0346,Roadmap Planner,Churn,0
625,2024-08-25,USR_0187,Stakeholder Tool,Churn,0
626,2024-10-22,USR_0343,Roadmap Planner,Churn,0
627,2025-04-24,USR_0430,Analytics Dashboard,Adopt,1
628,2025-01-08,USR_0047,Stakeholder Tool,Churn,0
629,2025-06-01,USR_0296,Meeting Optimizer,Churn,1
630,2025-07-15,USR_0471,Roadmap Planner,Churn,0
631,2024-09-24,USR_0477,Analytics Dashboard,Adopt,0
632,2024-10-10,USR_0179,Meeting Optimizer,Churn,1
633,2025-03-25,USR_0227,Stakeholder Tool,Adopt,1
634,2024-07-15,USR_0469,Stakeholder Tool,Churn,1
635,2024-04-29,USR_0397,Analytics Dashboard,Churn,0
636,2025-09-12,USR_0011,Analytics Dashboard,Adopt,0
637,2024-01-05,USR_0492,Analytics Dashboard,Churn,0
638,2025-05-29,USR_0442,Stakeholder Tool,Churn,0
639,2024-09-14,USR_0258,Stakeholder Tool,Churn,1
640,2024-10-19,USR_0014,Meeting Optimizer,Churn,0
641,2024-03-31,USR_0466,Roadmap Planner,Churn,1
642,2025-04-25,USR_0078,Stakeholder Tool,Adopt,0
643,2025-01-19,USR_0259,Analytics Dashboard,Adopt,1
644,2025-03-01,USR_0011,Roadmap Planner,Adopt,0
645,2024-06-09,USR_0453,Stakeholder Tool,Churn,1
646,2025-03-24,USR_0447,Meeting Optimizer,Adopt,1
647,2025-08-26,USR_0103,Stakeholder Tool,Churn,0
648,2024-01-28,USR_0280,Roadmap Planner,Adopt,0
649,2025-07-02,USR_0424,Meeting Optimizer,Churn,0
650,2024-11-23,USR_0350,Roadmap Planner,Adopt,1
651,2024-02-27,USR_0266,Stakeholder Tool,Churn,0
652,2024-08-17,USR_0478,Meeting Optimizer,Churn,1
653,2024-10-04,USR_0140,Stakeholder Tool,Adopt,0
654,2025-10-20,USR_0238,Stakeholder Tool,Churn,0
655,2025-06-29,USR_0425,Analytics Dashboard,Churn,0
656,2024-07-05,USR_0391,Analytics Dashboard,Adopt,0
657,2024-03-02,USR_0250,Meeting Optimizer,Churn,0
658,2025-05-02,USR_0049,Roadmap Planner,Churn,0
659,2024-01-01,USR_0251,Meeting Optimizer,Churn,1
660,2025-08-22,USR_0088,Roadmap Planner,Adopt,1
661,2024-03-05,USR_0433,Roadmap Planner,Adopt,0
662,2024-03-20,USR_0310,Meeting Optimizer,Adopt,0
663,2024-03-14,USR_0181,Roadmap Planner,Adopt,0
664,2025-01-17,USR_0463,Roadmap Planner,Adopt,0
665,2025-07-20,USR_0228,Meeting Optimizer,Adopt,1
666,2024-11-20,USR_0204,Stakeholder Tool,Adopt,0
667,2025-05-19,USR_0223,Stakeholder Tool,Churn,0
668,2024-07-19,USR_0263,Stakeholder Tool,Churn,0
669,2024-11-02,USR_0327,Stakeholder Tool,Adopt,0
670,2025-11-13,USR_0089,Meeting Optimizer,Adopt,0
671,2024-02-20,USR_0090,Roadmap Planner,Adopt,0
672,2024-03-01,USR_0012,Meeting Optimizer,Adopt,0
673,2025-11-18,USR_0242,Roadmap Planner,Adopt,0
674,2024-12-31,USR_0098,Stakeholder Tool,Churn,0
675,2025-04-16,USR_0188,Stakeholder Tool,Adopt,1
676,2025-11-22,USR_0107,Meeting Optimizer,Adopt,1
677,2024-09-17,USR_0304,Analytics Dashboard,Adopt,1
678,2025-12-05,USR_0139,Meeting Optimizer,Adopt,0
679,2025-10-23,USR_0044,Analytics Dashboard,Adopt,0
680,2025-12-03,USR_0205,Roadmap Planner,Adopt,0
681,2025-05-13,USR_0046,Analytics Dashboard,Churn,0
682,2025-08-05,USR_0089,Meeting Optimizer,Adopt,0
683,2025-01-31,USR_0274,Stakeholder Tool,Churn,0
684,2025-10-05,USR_0232,Meeting Optimizer,Churn,0
685,2024-06-06,USR_0340,Meeting Optimizer,Churn,1
686,2024-09-24,USR_0495,Analytics Dashboard,Adopt,0
687,2024-11-10,USR_0489,Stakeholder Tool,Adopt,0
688,2024-12-31,USR_0145,Stakeholder Tool,Churn,0
689,2025-02-19,USR_0296,Meeting Optimizer,Adopt,0
690,2025-01-19,USR_0250,Analytics Dashboard,Adopt,1
691,2025-08-10,USR_0073,Meeting Optimizer,Adopt,0
692,2025-03-31,USR_0162,Roadmap Planner,Churn,0
693,2024-11-23,USR_0153,Roadmap Planner,Adopt,1
694,2025-01-22,USR_0387,Analytics Dashboard,Churn,0
695,2024-03-03,USR_0452,Analytics Dashboard,Churn,0
696,2025-07-14,USR_0069,Analytics Dashboard,Adopt,0
697,2024-12-16,USR_0187,Roadmap Planner,Churn,0
698,2024-07-13,USR_0048,Meeting Optimizer,Adopt,0
699,2025-08-05,USR_0209,Meeting Optimizer,Churn,1
700,2024-11-29,USR_0481,Stakeholder Tool,Adopt,0
701,2024-10-03,USR_0202,Roadmap Planner,Adopt,1
702,2024-10-03,USR_0156,Stakeholder Tool,Adopt,0
703,2025-12-17,USR_0094,Roadmap Planner,Churn,0
704,2025-03-15,USR_0169,Analytics Dashboard,Churn,1
705,2024-12-19,USR_0236,Roadmap Planner,Adopt,0
706,2025-04-25,USR_0416,Analytics Dashboard,Adopt,0
707,2025-03-11,USR_0042,Stakeholder Tool,Churn,1
708,2024-10-17,USR_0066,Analytics Dashboard,Churn,1
709,2025-05-08,USR_0359,Analytics Dashboard,Adopt,0
710,2025-05-24,USR_0176,Roadmap Planner,Churn,0
711,2025-08-20,USR_0458,Roadmap Planner,Adopt,0
712,2024-08-10,USR_0362,Meeting Optimizer,Adopt,0
713,2024-04-20,USR_0459,Stakeholder Tool,Adopt,0
714,2024-01-12,USR_0070,Stakeholder Tool,Adopt,0
715,2024-05-15,USR_0450,Roadmap Planner,Adopt,0
716,2024-03-06,USR_0103,Roadmap Planner,Adopt,0
717,2024-11-23,USR_0359,Analytics Dashboard,Churn,1
718,2025-01-15,USR_0335,Stakeholder Tool,Churn,0
719,2025-04-09,USR_0180,Roadmap Planner,Churn,0
720,2025-03-01,USR_0214,Stakeholder Tool,Adopt,0
721,2025-06-05,USR_0351,Roadmap Planner,Churn,0
722,2024-08-04,USR_0453,Roadmap Planner,Churn,1
723,2025-08-23,USR_0408,Stakeholder Tool,Adopt,0
724,2025-05-12,USR_0437,Stakeholder Tool,Adopt,0
725,2024-07-01,USR_0163,Analytics Dashboard,Adopt,0
726,2025-03-03,USR_0119,Meeting Optimizer,Adopt,0
727,2024-08-25,USR_0104,Analytics Dashboard,Churn,1
728,2025-11-06,USR_0233,Analytics Dashboard,Adopt,1
729,2025-02-08,USR_0184,Stakeholder Tool,Adopt,0
730,2025-02-09,USR_0289,Roadmap Planner,Adopt,0
731,2025-10-08,USR_0021,Analytics Dashboard,Adopt,0
732,2024-02-26,USR_0462,Stakeholder Tool,Churn,1
733,2025-11-26,USR_0145,Stakeholder Tool,Adopt,1
734,2024-01-23,USR_0013,Meeting Optimizer,Churn,1
735,2024-09-05,USR_0264,Analytics Dashboard,Churn,0
736,2024-02-21,USR_0264,Stakeholder Tool,Adopt,0
737,2024-08-19,USR_0049,Stakeholder Tool,Adopt,0
738,2025-12-14,USR_0292,Analytics Dashboard,Adopt,0
739,2025-02-15,USR_0275,Roadmap Planner,Churn,0
740,2025-02-20,USR_0444,Meeting Optimizer,Adopt,1
741,2024-09-19,USR_0394,Stakeholder Tool,Adopt,0
742,2024-05-24,USR_0251,Roadmap Planner,Adopt,1
743,2025-08-29,USR_0405,Roadmap Planner,Churn,0
744,2025-03-30,USR_0179,Meeting Optimizer,Churn,1
745,2024-12-23,USR_0185,Meeting Optimizer,Adopt,0
746,2024-01-01,USR_0388,Roadmap Planner,Adopt,1
747,2024-07-11,USR_0056,Roadmap Planner,Churn,1
748,2025-01-27,USR_0408,Stakeholder Tool,Adopt,1
749,2025-10-07,USR_0440,Roadmap Planner,Adopt,0
750,2024-09-30,USR_0277,Meeting Optimizer,Adopt,1
751,2025-06-14,USR_0379,Roadmap Planner,Adopt,0
752,2025-09-10,USR_0431,Meeting Optimizer,Adopt,0
753,2024-04-20,USR_0276,Analytics Dashboard,Churn,1
754,2025-07-16,USR_0280,Meeting Optimizer,Adopt,0
755,2025-08-31,USR_0131,Stakeholder Tool,Adopt,0
756,2024-10-09,USR_0327,Meeting Optimizer,Churn,0
757,2025-03-18,USR_0357,Roadmap Planner,Adopt,1
758,2024-01-12,USR_0274,Meeting Optimizer,Churn,0
759,2024-08-24,USR_0500,Analytics Dashboard,Churn,0
760,2024-03-18,USR_0194,Roadmap Planner,Adopt,0
761,2025-09-16,USR_0486,Roadmap Planner,Churn,0
762,2024-03-02,USR_0136,Analytics Dashboard,Adopt,0
763,2025-01-26,USR_0176,Stakeholder Tool,Adopt,0
764,2025-07-28,USR_0365,Roadmap Planner,Adopt,1
765,2024-03-22,USR_0226,Roadmap Planner,Adopt,1
766,2024-06-14,USR_0366,Roadmap Planner,Adopt,0
767,2025-01-20,USR_0094,Analytics Dashboard,Adopt,0
768,2025-12-10,USR_0023,Roadmap Planner,Adopt,0
769,2025-11-19,USR_0061,Meeting Optimizer,Adopt,0
770,2025-11-28,USR_0257,Roadmap Planner,Adopt,1
771,2024-05-15,USR_0148,Stakeholder Tool,Adopt,0
772,2024-02-01,USR_0234,Analytics Dashboard,Churn,1
773,2025-01-05,USR_0147,Stakeholder Tool,Churn,1
774,2025-01-24,USR_0160,Analytics Dashboard,Adopt,0
775,2024-04-02,USR_0029,Analytics Dashboard,Churn,0
776,2024-07-02,USR_0276,Roadmap Planner,Churn,1
777,2024-06-07,USR_0014,Roadmap Planner,Adopt,1
778,2024-06-10,USR_0147,Analytics Dashboard,Adopt,0
779,2024-08-04,USR_0143,Meeting Optimizer,Churn,0
780,2025-09-15,USR_0073,Stakeholder Tool,Adopt,0
781,2025-07-29,USR_0125,Roadmap Planner,Adopt,0
782,2025-05-08,USR_0341,Meeting Optimizer,Adopt,0
783,2025-09-23,USR_0217,Analytics Dashboard,Churn,1
784,2025-05-11,USR_0201,Meeting Optimizer,Churn,0
785,2025-05-23,USR_0293,Roadmap Planner,Adopt,1
786,2025-08-16,USR_0246,Analytics Dashboard,Adopt,0
787,2024-01-30,USR_0165,Analytics Dashboard,Churn,1
788,2025-09-09,USR_0368,Stakeholder Tool,Adopt,0
789,2024-02-04,USR_0231,Meeting Optimizer,Adopt,0
790,2025-03-10,USR_0371,Stakeholder Tool,Churn,0
791,2024-04-19,USR_0162,Meeting Optimizer,Churn,0
792,2025-05-18,USR_0207,Analytics Dashboard,Adopt,1
793,2024-09-11,USR_0030,Stakeholder Tool,Adopt,0
794,2025-07-17,USR_0435,Stakeholder Tool,Churn,0
795,2025-10-26,USR_0325,Analytics Dashboard,Churn,0
796,2024-01-15,USR_0289,Meeting Optimizer,Adopt,0
797,2024-03-17,USR_0038,Analytics Dashboard,Adopt,0
798,2024-01-27,USR_0399,Roadmap Planner,Adopt,0
799,2024-02-26,USR_0335,Analytics Dashboard,Churn,0
800,2024-07-20,USR_0399,Roadmap Planner,Adopt,0
801,2024-03-09,USR_0017,Stakeholder Tool,Adopt,0
802,2025-12-12,USR_0339,Roadmap Planner,Adopt,0
803,2025-03-10,USR_0390,Meeting Optimizer,Adopt,0
804,2025-06-12,USR_0341,Analytics Dashboard,Churn,0
805,2024-06-21,USR_0114,Meeting Optimizer,Churn,0
806,2025-10-09,USR_0055,Analytics Dashboard,Adopt,0
807,2025-01-05,USR_0485,Analytics Dashboard,Adopt,0
808,2025-03-16,USR_0391,Roadmap Planner,Adopt,0
809,2025-10-16,USR_0242,Stakeholder Tool,Adopt,0
810,2024-02-26,USR_0086,Stakeholder Tool,Adopt,0
811,2025-11-25,USR_0444,Stakeholder Tool,Adopt,0
812,2025-07-28,USR_0080,Analytics Dashboard,Adopt,0
813,2025-04-09,USR_0292,Stakeholder Tool,Adopt,0
814,2024-11-27,USR_0430,Meeting Optimizer,Adopt,1
815,2025-05-09,USR_0317,Analytics Dashboard,Churn,1
816,2024-12-02,USR_0180,Meeting Optimizer,Churn,0
817,2024-09-22,USR_0043,Roadmap Planner,Churn,0
818,2024-02-03,USR_0130,Analytics Dashboard,Churn,0
819,2024-06-10,USR_0418,Analytics Dashboard,Churn,0
820,2024-04-16,USR_0463,Roadmap Planner,Adopt,1
821,2024-09-26,USR_0100,Roadmap Planner,Churn,0
822,2025-07-13,USR_0034,Meeting Optimizer,Adopt,0
823,2025-10-23,USR_0151,Meeting Optimizer,Churn,0
824,2024-10-11,USR_0027,Roadmap Planner,Churn,0
825,2025-09-10,USR_0452,Stakeholder Tool,Churn,0
826,2024-02-12,USR_0429,Stakeholder Tool,Adopt,0
827,2025-12-09,USR_0041,Analytics Dashboard,Churn,0
828,2024-02-03,USR_0440,Stakeholder Tool,Adopt,0
829,2024-02-08,USR_0425,Meeting Optimizer,Adopt,0
830,2024-07-16,USR_0093,Roadmap Planner,Adopt,0
831,2025-05-25,USR_0486,Roadmap Planner,Adopt,0
832,2024-11-30,USR_0478,Stakeholder Tool,Adopt,0
833,2024-12-23,USR_0018,Analytics Dashboard,Adopt,0
834,2025-01-02,USR_0207,Stakeholder Tool,Adopt,0
835,2025-05-05,USR_0112,Meeting Optimizer,Churn,0
836,2025-10-21,USR_0495,Stakeholder Tool,Adopt,0
837,2025-07-15,USR_0406,Meeting Optimizer,Churn,1
838,2025-09-01,USR_0366,Analytics Dashboard,Churn,0
839,2025-10-06,USR_0103,Meeting Optimizer,Adopt,0
840,2025-07-18,USR_0410,Analytics Dashboard,Churn,1
841,2024-08-28,USR_0080,Roadmap Planner,Churn,0
842,2025-05-14,USR_0370,Roadmap Planner,Adopt,0
843,2024-11-05,USR_0390,Roadmap Planner,Adopt,0
844,2024-07-08,USR_0048,Meeting Optimizer,Adopt,0
845,2024-05-12,USR_0468,Roadmap Planner,Churn,0
846,2025-06-23,USR_0121,Roadmap Planner,Churn,0
847,2025-07-07,USR_0124,Analytics Dashboard,Adopt,1
848,2025-12-30,USR_0307,Meeting Optimizer,Adopt,1
849,2024-12-16,USR_0312,Meeting Optimizer,Adopt,1
850,2024-01-21,USR_0419,Stakeholder Tool,Adopt,1
851,2025-10-11,USR_0158,Meeting Optimizer,Adopt,0
852,2024-01-10,USR_0183,Roadmap Planner,Adopt,0
853,2025-08-04,USR_0134,Stakeholder Tool,Adopt,0
854,2024-08-28,USR_0327,Roadmap Planner,Churn,0
855,2025-04-20,USR_0086,Meeting Optimizer,Churn,0
856,2025-12-16,USR_0178,Meeting Optimizer,Churn,1
857,2024-03-15,USR_0363,Stakeholder Tool,Churn,0
858,2025-04-18,USR_0447,Analytics Dashboard,Adopt,0
859,2025-04-08,USR_0417,Meeting Optimizer,Adopt,0
860,2024-12-26,USR_0030,Meeting Optimizer,Adopt,0
861,2025-06-11,USR_0436,Stakeholder Tool,Adopt,1
862,2024-01-07,USR_0007,Analytics Dashboard,Adopt,1
863,2024-03-09,USR_0462,Roadmap Planner,Churn,1
864,2025-10-17,USR_0030,Meeting Optimizer,Adopt,0
865,2024-01-11,USR_0006,Roadmap Planner,Adopt,1
866,2024-07-11,USR_0443,Stakeholder Tool,Adopt,0
867,2025-04-04,USR_0386,Meeting Optimizer,Adopt,0
868,2024-12-13,USR_0364,Stakeholder Tool,Adopt,0
869,2025-02-05,USR_0140,Roadmap Planner,Adopt,0
870,2024-03-11,USR_0447,Meeting Optimizer,Adopt,0
871,2024-03-22,USR_0033,Roadmap Planner,Adopt,0
872,2024-02-20,USR_0073,Roadmap Planner,Adopt,0
873,2025-03-24,USR_0050,Stakeholder Tool,Churn,0
874,2025-08-21,USR_0003,Meeting Optimizer,Churn,0
875,2025-07-11,USR_0126,Stakeholder Tool,Churn,0
876,2025-07-25,USR_0241,Analytics Dashboard,Churn,0
877,2024-12-30,USR_0422,Meeting Optimizer,Adopt,0
878,2024-10-24,USR_0282,Stakeholder Tool,Adopt,0
879,2024-10-06,USR_0481,Roadmap Planner,Adopt,0
880,2024-07-31,USR_0374,Meeting Optimizer,Adopt,0
881,2025-08-07,USR_0033,Analytics Dashboard,Churn,1
882,2025-07-23,USR_0377,Analytics Dashboard,Adopt,0
883,2025-08-15,USR_0406,Roadmap Planner,Churn,1
884,2025-02-12,USR_0094,Stakeholder Tool,Adopt,0
885,2025-02-06,USR_0442,Meeting Optimizer,Adopt,0
886,2024-07-21,USR_0429,Analytics Dashboard,Adopt,0
887,2024-09-22,USR_0259,Meeting Optimizer,Adopt,1
888,2025-12-30,USR_0060,Stakeholder Tool,Adopt,1
889,2025-07-10,USR_0053,Meeting Optimizer,Adopt,1
890,2025-07-25,USR_0462,Analytics Dashboard,Churn,1
891,2025-04-26,USR_0339,Analytics Dashboard,Adopt,0
892,2025-01-27,USR_0362,Roadmap Planner,Adopt,1
893,2025-10-17,USR_0214,Stakeholder Tool,Churn,1
894,2024-12-12,USR_0134,Stakeholder Tool,Churn,0
895,2024-06-27,USR_0416,Stakeholder Tool,Adopt,0
896,2025-06-21,USR_0336,Roadmap Planner,Churn,1
897,2025-11-02,USR_0088,Meeting Optimizer,Adopt,0
898,2024-11-13,USR_0020,Analytics Dashboard,Churn,1
899,2024-10-10,USR_0426,Stakeholder Tool,Adopt,0
900,2024-02-11,USR_0330,Analytics Dashboard,Adopt,0
901,2024-09-13,USR_0245,Analytics Dashboard,Adopt,0
902,2024-04-14,USR_0281,Roadmap Planner,Adopt,0
903,2024-01-19,USR_0176,Meeting Optimizer,Churn,1
904,2025-12-08,USR_0238,Roadmap Planner,Churn,0
905,2024-06-12,USR_0090,Stakeholder Tool,Churn,1
906,2025-03-28,USR_0403,Analytics Dashboard,Churn,1
907,2024-12-17,USR_0472,Analytics Dashboard,Adopt,0
908,2024-10-23,USR_0216,Meeting Optimizer,Adopt,1
909,2025-10-28,USR_0139,Roadmap Planner,Churn,0
910,2024-08-19,USR_0441,Meeting Optimizer,Churn,0
911,2025-01-18,USR_0363,Stakeholder Tool,Churn,0
912,2024-02-09,USR_0078,Roadmap Planner,Churn,0
913,2025-11-07,USR_0337,Roadmap Planner,Adopt,0
914,2024-06-13,USR_0056,Stakeholder Tool,Adopt,0
915,2024-10-01,USR_0285,Roadmap Planner,Adopt,0
916,2025-12-22,USR_0274,Stakeholder Tool,Adopt,1
917,2025-01-18,USR_0104,Meeting Optimizer,Churn,1
918,2025-10-31,USR_0023,Meeting Optimizer,Adopt,0
919,2024-06-14,USR_0174,Meeting Optimizer,Adopt,1
920,2025-11-28,USR_0256,Stakeholder Tool,Adopt,0
921,2025-03-27,USR_0101,Stakeholder Tool,Adopt,0
922,2025-12-22,USR_0223,Stakeholder Tool,Adopt,0
923,2025-06-16,USR_0306,Meeting Optimizer,Adopt,1
924,2025-07-15,USR_0311,Roadmap Planner,Churn,0
925,2024-08-22,USR_0477,Stakeholder Tool,Churn,0
926,2025-07-07,USR_0070,Analytics Dashboard,Adopt,0
927,2024-09-12,USR_0007,Stakeholder Tool,Adopt,0
928,2024-03-24,USR_0355,Analytics Dashboard,Churn,0
929,2024-01-26,USR_0487,Stakeholder Tool,Adopt,1
930,2024-02-09,USR_0137,Stakeholder Tool,Adopt,0
931,2025-03-03,USR_0239,Stakeholder Tool,Adopt,0
932,2024-01-03,USR_0155,Meeting Optimizer,Adopt,1
933,2025-10-13,USR_0186,Analytics Dashboard,Adopt,0
934,2024-10-03,USR_0331,Stakeholder Tool,Churn,1
935,2024-03-15,USR_0469,Stakeholder Tool,Churn,0
936,2025-01-21,USR_0050,Analytics Dashboard,Churn,0
937,2024-10-16,USR_0338,Roadmap Planner,Adopt,0
938,2025-09-23,USR_0288,Analytics Dashboard,Adopt,0
939,2024-10-27,USR_0303,Stakeholder Tool,Adopt,1
940,2024-08-12,USR_0118,Stakeholder Tool,Adopt,0
941,2024-08-09,USR_0184,Roadmap Planner,Adopt,0
942,2025-07-04,USR_0003,Analytics Dashboard,Adopt,0
943,2025-01-05,USR_0304,Analytics Dashboard,Churn,0
944,2025-09-29,USR_0214,Stakeholder Tool,Churn,0
945,2024-09-12,USR_0228,Stakeholder Tool,Adopt,0
946,2025-08-10,USR_0361,Analytics Dashboard,Adopt,0
947,2024-05-25,USR_0460,Roadmap Planner,Churn,0
948,2025-01-03,USR_0286,Meeting Optimizer,Adopt,0
949,2024-05-13,USR_0487,Analytics Dashboard,Adopt,1
950,2024-07-30,USR_0321,Meeting Optimizer,Adopt,0
951,2024-05-06,USR_0044,Stakeholder Tool,Churn,1
952,2025-09-04,USR_0458,Analytics Dashboard,Churn,0
953,2025-01-23,USR_0190,Meeting Optimizer,Churn,1
954,2025-01-23,USR_0354,Analytics Dashboard,Adopt,0
955,2024-10-24,USR_0498,Meeting Optimizer,Adopt,1
956,2025-04-14,USR_0461,Stakeholder Tool,Churn,0
957,2024-03-08,USR_0077,Analytics Dashboard,Churn,1
958,2024-04-04,USR_0366,Meeting Optimizer,Churn,0
959,2025-10-09,USR_0402,Roadmap Planner,Adopt,1
960,2025-09-22,USR_0231,Meeting Optimizer,Adopt,0
961,2025-03-21,USR_0474,Analytics Dashboard,Adopt,0
962,2025-08-07,USR_0239,Meeting Optimizer,Adopt,0
963,2025-12-21,USR_0140,Roadmap Planner,Adopt,0
964,2025-06-12,USR_0358,Analytics Dashboard,Churn,0
965,2024-12-07,USR_0090,Analytics Dashboard,Churn,0
966,2025-09-28,USR_0381,Analytics Dashboard,Churn,0
967,2024-09-06,USR_0238,Analytics Dashboard,Adopt,0
968,2024-01-09,USR_0395,Stakeholder Tool,Adopt,0
969,2024-10-26,USR_0241,Roadmap Planner,Adopt,0
970,2024-08-30,USR_0103,Analytics Dashboard,Adopt,0
971,2025-01-25,USR_0010,Stakeholder Tool,Adopt,0
972,2024-10-27,USR_0084,Analytics Dashboard,Adopt,0
973,2024-01-23,USR_0242,Analytics Dashboard,Adopt,0
974,2025-11-15,USR_0106,Analytics Dashboard,Adopt,0
975,2024-08-23,USR_0276,Analytics Dashboard,Adopt,1
976,2025-03-01,USR_0481,Meeting Optimizer,Adopt,0
977,2025-03-05,USR_0277,Roadmap Planner,Adopt,0
978,2025-04-09,USR_0327,Stakeholder Tool,Adopt,1
979,2024-10-16,USR_0292,Roadmap Planner,Adopt,1
980,2025-11-02,USR_0114,Analytics Dashboard,Adopt,1
981,2024-12-23,USR_0270,Stakeholder Tool,Churn,0
982,2025-04-29,USR_0393,Roadmap Planner,Adopt,0
983,2024-04-12,USR_0183,Meeting Optimizer,Churn,1
984,2025-03-02,USR_0059,Stakeholder Tool,Adopt,0
985,2024-08-18,USR_0420,Analytics Dashboard,Adopt,1
986,2025-07-25,USR_0391,Meeting Optimizer,Churn,0
987,2025-01-07,USR_0262,Analytics Dashboard,Adopt,0
988,2025-08-08,USR_0134,Stakeholder Tool,Adopt,1
989,2025-05-11,USR_0292,Analytics Dashboard,Churn,1
990,2024-03-31,USR_0122,Analytics Dashboard,Adopt,0
991,2025-11-07,USR_0377,Meeting Optimizer,Adopt,0
992,2024-08-27,USR_0484,Meeting Optimizer,Adopt,0
993,2024-12-14,USR_0158,Stakeholder Tool,Adopt,0
994,2025-06-09,USR_0251,Roadmap Planner,Churn,0
995,2025-06-27,USR_0244,Stakeholder Tool,Adopt,1
996,2025-11-10,USR_0145,Stakeholder Tool,Churn,1
997,2025-05-18,USR_0248,Analytics Dashboard,Adopt,0
998,2025-04-06,USR_0293,Meeting Optimizer,Adopt,0
999,2024-04-18,USR_0316,Stakeholder Tool,Churn,1
1000,2024-03-18,USR_0321,Roadmap Planner,Adopt,0
1001,2025-12-21,USR_0031,Stakeholder Tool,Adopt,0
1002,2024-01-12,USR_0067,Analytics Dashboard,Churn,1
1003,2025-01-01,USR_0391,Roadmap Planner,Adopt,1
1004,2025-11-04,USR_0406,Roadmap Planner,Churn,0
1005,2024-04-20,USR_0177,Roadmap Planner,Adopt,0
1006,2024-02-24,USR_0148,Meeting Optimizer,Churn,0
1007,2024-12-26,USR_0110,Meeting Optimizer,Churn,1
1008,2024-10-18,USR_0184,Roadmap Planner,Adopt,0
1009,2024-07-18,USR_0312,Stakeholder Tool,Churn,0
1010,2025-10-10,USR_0027,Meeting Optimizer,Adopt,0
1011,2025-03-06,USR_0413,Meeting Optimizer,Churn,1
1012,2025-07-03,USR_0374,Stakeholder Tool,Churn,0
1013,2024-04-11,USR_0159,Roadmap Planner,Adopt,0
1014,2025-12-28,USR_0056,Roadmap Planner,Adopt,0
1015,2024-03-16,USR_0479,Analytics Dashboard,Churn,1
1016,2024-01-21,USR_0464,Analytics Dashboard,Churn,0
1017,2025-11-18,USR_0311,Stakeholder Tool,Adopt,1
1018,2024-10-13,USR_0087,Meeting Optimizer,Adopt,1
1019,2025-08-19,USR_0181,Meeting Optimizer,Adopt,0
1020,2024-03-06,USR_0413,Roadmap Planner,Adopt,0
1021,2024-11-13,USR_0022,Meeting Optimizer,Adopt,1
1022,2025-04-10,USR_0125,Stakeholder Tool,Churn,1
1023,2024-02-29,USR_0100,Analytics Dashboard,Adopt,0
1024,2025-07-28,USR_0006,Roadmap Planner,Churn,1
1025,2025-08-28,USR_0263,Stakeholder Tool,Adopt,1
1026,2025-09-29,USR_0139,Analytics Dashboard,Churn,0
1027,2024-05-15,USR_0197,Analytics Dashboard,Churn,0
1028,2025-10-16,USR_0339,Stakeholder Tool,Churn,1
1029,2025-08-08,USR_0381,Analytics Dashboard,Adopt,0
1030,2025-12-08,USR_0089,Analytics Dashboard,Churn,1
1031,2025-12-07,USR_0282,Roadmap Planner,Adopt,0
1032,2025-11-05,USR_0451,Meeting Optimizer,Adopt,0
1033,2025-12-31,USR_0140,Stakeholder Tool,Churn,1
1034,2024-05-27,USR_0083,Roadmap Planner,Churn,0
1035,2024-10-31,USR_0464,Meeting Optimizer,Churn,1
1036,2025-02-16,USR_0036,Analytics Dashboard,Churn,1
1037,2025-11-02,USR_0454,Analytics Dashboard,Adopt,0
1038,2025-10-07,USR_0355,Roadmap Planner,Adopt,1
1039,2025-03-18,USR_0231,Analytics Dashboard,Churn,0
1040,2025-06-11,USR_0429,Meeting Optimizer,Churn,0
1041,2025-02-05,USR_0078,Stakeholder Tool,Adopt,0
1042,2024-03-19,USR_0029,Meeting Optimizer,Adopt,0
1043,2024-06-23,USR_0147,Analytics Dashboard,Adopt,1
1044,2024-11-17,USR_0281,Meeting Optimizer,Adopt,1
1045,2024-12-05,USR_0026,Analytics Dashboard,Adopt,1
1046,2024-02-29,USR_0394,Analytics Dashboard,Adopt,0
1047,2025-04-11,USR_0153,Roadmap Planner,Adopt,0
1048,2024-08-19,USR_0495,Roadmap Planner,Adopt,1
1049,2025-11-15,USR_0401,Analytics Dashboard,Churn,0
1050,2024-05-02,USR_0059,Analytics Dashboard,Adopt,0
1051,2024-11-09,USR_0357,Meeting Optimizer,Adopt,1
1052,2024-10-12,USR_0276,Stakeholder Tool,Adopt,0
1053,2025-01-26,USR_0473,Meeting Optimizer,Churn,0
1054,2025-09-23,USR_0377,Meeting Optimizer,Adopt,1
1055,2025-04-28,USR_0467,Analytics Dashboard,Adopt,0
1056,2024-08-04,USR_0116,Roadmap Planner,Churn,0
1057,2025-05-21,USR_0095,Analytics Dashboard,Adopt,0
1058,2025-06-07,USR_0146,Meeting Optimizer,Churn,0
1059,2024-09-21,USR_0287,Meeting Optimizer,Churn,1
1060,2024-12-12,USR_0289,Analytics Dashboard,Adopt,0
1061,2024-03-04,USR_0017,Analytics Dashboard,Churn,1
1062,2025-03-23,USR_0151,Analytics Dashboard,Adopt,0
1063,2024-10-04,USR_0270,Meeting Optimizer,Churn,0
1064,2024-01-17,USR_0254,Meeting Optimizer,Adopt,0
1065,2025-07-05,USR_0140,Analytics Dashboard,Adopt,0
1066,2024-06-26,USR_0309,Stakeholder Tool,Adopt,1
1067,2024-09-28,USR_0452,Roadmap Planner,Adopt,0
1068,2024-12-22,USR_0346,Stakeholder Tool,Churn,0
1069,2025-01-28,USR_0200,Meeting Optimizer,Adopt,1
1070,2025-08-12,USR_0080,Stakeholder Tool,Adopt,0
1071,2024-04-24,USR_0206,Roadmap Planner,Adopt,1
1072,2025-06-07,USR_0074,Meeting Optimizer,Adopt,0
1073,2024-05-29,USR_0270,Stakeholder Tool,Adopt,0
1074,2024-11-22,USR_0490,Stakeholder Tool,Adopt,1
1075,2024-12-28,USR_0117,Roadmap Planner,Adopt,0
1076,2024-08-24,USR_0424,Stakeholder Tool,Churn,0
1077,2024-01-27,USR_0009,Roadmap Planner,Adopt,0
1078,2025-02-02,USR_0254,Roadmap Planner,Adopt,0
1079,2025-09-24,USR_0026,Analytics Dashboard,Adopt,0
1080,2025-07-23,USR_0123,Stakeholder Tool,Adopt,0
1081,2024-03-12,USR_0388,Stakeholder Tool,Churn,0
1082,2024-11-26,USR_0376,Analytics Dashboard,Adopt,1
1083,2024-09-09,USR_0197,Roadmap Planner,Churn,0
1084,2024-04-15,USR_0022,Roadmap Planner,Adopt,0
1085,2025-03-27,USR_0340,Roadmap Planner,Adopt,0
1086,2025-07-19,USR_0436,Meeting Optimizer,Adopt,1
1087,2025-12-07,USR_0154,Stakeholder Tool,Adopt,0
1088,2025-02-23,USR_0062,Roadmap Planner,Adopt,0
1089,2025-01-23,USR_0399,Stakeholder Tool,Churn,0
1090,2024-12-08,USR_0338,Roadmap Planner,Adopt,0
1091,2024-04-19,USR_0438,Meeting Optimizer,Churn,1
1092,2025-11-20,USR_0376,Analytics Dashboard,Churn,1
1093,2024-01-30,USR_0329,Meeting Optimizer,Churn,1
1094,2025-05-26,USR_0303,Stakeholder Tool,Churn,0
1095,2025-05-22,USR_0034,Analytics Dashboard,Churn,0
1096,2025-03-22,USR_0073,Roadmap Planner,Adopt,1
1097,2025-03-24,USR_0102,Roadmap Planner,Churn,0
1098,2024-03-07,USR_0467,Meeting Optimizer,Adopt,0
1099,2024-10-02,USR_0006,Stakeholder Tool,Adopt,1
1100,2024-08-04,USR_0434,Meeting Optimizer,Adopt,1
1101,2024-02-04,USR_0119,Meeting Optimizer,Adopt,0
1102,2024-05-28,USR_0026,Roadmap Planner,Adopt,0
1103,2024-01-09,USR_0422,Stakeholder Tool,Adopt,0
1104,2025-04-29,USR_0124,Analytics Dashboard,Churn,1
1105,2025-01-14,USR_0088,Analytics Dashboard,Adopt,0
1106,2025-11-24,USR_0175,Analytics Dashboard,Adopt,1
1107,2024-09-09,USR_0340,Stakeholder Tool,Adopt,0
1108,2024-10-08,USR_0096,Analytics Dashboard,Adopt,0
1109,2025-06-19,USR_0252,Meeting Optimizer,Adopt,0
1110,2025-08-03,USR_0227,Roadmap Planner,Churn,1
1111,2024-06-27,USR_0463,Analytics Dashboard,Adopt,0
1112,2024-07-30,USR_0177,Meeting Optimizer,Adopt,0
1113,2025-01-17,USR_0121,Stakeholder Tool,Churn,0
1114,2025-07-09,USR_0078,Meeting Optimizer,Adopt,0
1115,2024-08-17,USR_0397,Stakeholder Tool,Adopt,1
1116,2025-02-01,USR_0319,Roadmap Planner,Adopt,0
1117,2024-06-17,USR_0429,Roadmap Planner,Adopt,0
1118,2024-03-18,USR_0098,Stakeholder Tool,Churn,0
1119,2025-03-16,USR_0333,Stakeholder Tool,Churn,0
1120,2024-08-07,USR_0342,Analytics Dashboard,Churn,0
1121,2024-01-12,USR_0113,Meeting Optimizer,Adopt,0
1122,2025-08-02,USR_0389,Roadmap Planner,Churn,0
1123,2024-10-28,USR_0374,Stakeholder Tool,Churn,0
1124,2025-12-17,USR_0332,Stakeholder Tool,Adopt,1
1125,2025-03-10,USR_0359,Meeting Optimizer,Adopt,1
1126,2025-11-12,USR_0172,Stakeholder Tool,Adopt,1
1127,2025-09-01,USR_0404,Analytics Dashboard,Adopt,0
1128,2024-08-25,USR_0067,Stakeholder Tool,Churn,0
1129,2025-08-06,USR_0059,Roadmap Planner,Adopt,1
1130,2024-08-02,USR_0469,Analytics Dashboard,Adopt,0
1131,2024-06-06,USR_0270,Stakeholder Tool,Adopt,0
1132,2025-02-02,USR_0219,Roadmap Planner,Adopt,0
1133,2024-07-19,USR_0076,Meeting Optimizer,Churn,0
1134,2025-12-31,USR_0088,Roadmap Planner,Churn,0
1135,2024-03-13,USR_0126,Roadmap Planner,Churn,0
1136,2024-01-30,USR_0491,Roadmap Planner,Adopt,1
1137,2024-05-02,USR_0491,Stakeholder Tool,Adopt,1
1138,2024-07-28,USR_0218,Meeting Optimizer,Adopt,1
1139,2025-07-23,USR_0025,Roadmap Planner,Adopt,1
1140,2025-10-08,USR_0007,Analytics Dashboard,Churn,0
1141,2024-09-17,USR_0012,Meeting Optimizer,Churn,0
1142,2025-05-19,USR_0218,Stakeholder Tool,Churn,1
1143,2025-04-05,USR_0471,Stakeholder Tool,Adopt,0
1144,2024-02-22,USR_0467,Analytics Dashboard,Adopt,0
1145,2024-04-08,USR_0175,Meeting Optimizer,Adopt,0
1146,2025-02-17,USR_0457,Analytics Dashboard,Churn,1
1147,2025-05-26,USR_0093,Analytics Dashboard,Adopt,1
1148,2025-09-28,USR_0165,Stakeholder Tool,Adopt,0
1149,2025-01-15,USR_0136,Stakeholder Tool,Churn,0
1150,2025-04-29,USR_0420,Analytics Dashboard,Adopt,0
1151,2024-01-25,USR_0143,Roadmap Planner,Churn,1
1152,2024-04-14,USR_0390,Analytics Dashboard,Churn,1
1153,2024-12-16,USR_0403,Roadmap Planner,Churn,0
1154,2024-08-06,USR_0129,Stakeholder Tool,Churn,0
1155,2024-03-20,USR_0420,Stakeholder Tool,Adopt,0
1156,2024-10-15,USR_0180,Analytics Dashboard,Churn,0
1157,2025-04-23,USR_0140,Meeting Optimizer,Adopt,0
1158,2024-09-24,USR_0408,Analytics Dashboard,Adopt,0
1159,2025-10-16,USR_0230,Analytics Dashboard,Adopt,0
1160,2024-07-21,USR_0248,Stakeholder Tool,Adopt,0
1161,2024-08-07,USR_0041,Meeting Optimizer,Adopt,0
1162,2025-06-14,USR_0206,Analytics Dashboard,Adopt,1
1163,2024-07-08,USR_0255,Stakeholder Tool,Adopt,1
1164,2025-06-01,USR_0205,Roadmap Planner,Adopt,1
1165,2025-11-06,USR_0231,Meeting Optimizer,Churn,1
1166,2024-04-28,USR_0106,Analytics Dashboard,Adopt,0
1167,2025-12-05,USR_0060,Stakeholder Tool,Churn,0
1168,2024-06-15,USR_0416,Analytics Dashboard,Adopt,0
1169,2024-03-06,USR_0476,Analytics Dashboard,Churn,1
1170,2024-08-29,USR_0279,Analytics Dashboard,Adopt,1
1171,2024-05-27,USR_0105,Stakeholder Tool,Churn,0
1172,2025-03-22,USR_0432,Meeting Optimizer,Churn,0
1173,2024-09-13,USR_0361,Roadmap Planner,Adopt,0
1174,2025-05-12,USR_0256,Roadmap Planner,Adopt,0
1175,2025-03-20,USR_0084,Analytics Dashboard,Adopt,0
1176,2025-09-04,USR_0472,Stakeholder Tool,Adopt,1
1177,2024-05-08,USR_0137,Meeting Optimizer,Adopt,1
1178,2024-04-19,USR_0067,Analytics Dashboard,Churn,0
1179,2025-12-17,USR_0148,Stakeholder Tool,Adopt,0
1180,2024-01-27,USR_0042,Roadmap Planner,Adopt,0
1181,2025-04-19,USR_0194,Roadmap Planner,Adopt,0
1182,2025-06-11,USR_0160,Stakeholder Tool,Churn,1
1183,2025-12-21,USR_0121,Stakeholder Tool,Adopt,0
1184,2024-12-19,USR_0205,Roadmap Planner,Churn,0
1185,2025-11-20,USR_0295,Analytics Dashboard,Churn,0
1186,2024-03-29,USR_0357,Analytics Dashboard,Churn,1
1187,2024-07-27,USR_0433,Stakeholder Tool,Adopt,0
1188,2025-08-07,USR_0355,Roadmap Planner,Adopt,0
1189,2025-03-07,USR_0067,Roadmap Planner,Churn,0
1190,2024-07-21,USR_0080,Analytics Dashboard,Adopt,0
1191,2024-07-01,USR_0187,Meeting Optimizer,Churn,0
1192,2025-02-27,USR_0398,Roadmap Planner,Adopt,0
1193,2025-08-09,USR_0342,Meeting Optimizer,Churn,0
1194,2025-08-04,USR_0489,Meeting Optimizer,Adopt,0
1195,2024-04-23,USR_0391,Stakeholder Tool,Adopt,1
1196,2025-07-16,USR_0328,Roadmap Planner,Adopt,1
1197,2025-05-18,USR_0328,Meeting Optimizer,Adopt,0
1198,2025-06-01,USR_0061,Roadmap Planner,Adopt,0
1199,2024-08-24,USR_0215,Analytics Dashboard,Churn,1
1200,2024-09-01,USR_0246,Analytics Dashboard,Adopt,0
1201,2024-06-20,USR_0343,Meeting Optimizer,Churn,0
1202,2024-08-05,USR_0051,Analytics Dashboard,Adopt,0
1203,2025-07-15,USR_0275,Roadmap Planner,Churn,0
1204,2025-08-16,USR_0495,Roadmap Planner,Churn,0
1205,2024-10-13,USR_0489,Analytics Dashboard,Adopt,0
1206,2024-03-01,USR_0413,Stakeholder Tool,Churn,1
1207,2025-12-18,USR_0382,Meeting Optimizer,Churn,1
1208,2025-08-06,USR_0161,Roadmap Planner,Churn,1
1209,2024-10-01,USR_0222,Analytics Dashboard,Adopt,0
1210,2025-11-10,USR_0087,Meeting Optimizer,Adopt,0
1211,2025-03-26,USR_0357,Roadmap Planner,Churn,0
1212,2024-10-31,USR_0117,Roadmap Planner,Churn,0
1213,2024-03-04,USR_0419,Roadmap Planner,Churn,1
1214,2025-09-14,USR_0416,Analytics Dashboard,Churn,0
1215,2025-06-13,USR_0377,Meeting Optimizer,Churn,1
1216,2024-12-25,USR_0461,Roadmap Planner,Adopt,0
1217,2025-06-30,USR_0167,Stakeholder Tool,Churn,1
1218,2024-03-25,USR_0037,Analytics Dashboard,Churn,0
1219,2024-05-28,USR_0132,Stakeholder Tool,Adopt,1
1220,2025-02-17,USR_0016,Meeting Optimizer,Adopt,0
1221,2025-03-10,USR_0133,Stakeholder Tool,Churn,0
1222,2025-01-07,USR_0208,Meeting Optimizer,Adopt,0
1223,2025-06-19,USR_0258,Roadmap Planner,Churn,1
1224,2024-11-06,USR_0482,Analytics Dashboard,Adopt,1
1225,2024-11-23,USR_0310,Meeting Optimizer,Churn,0
1226,2025-11-17,USR_0158,Stakeholder Tool,Adopt,0
1227,2025-01-28,USR_0181,Stakeholder Tool,Churn,1
1228,2025-04-08,USR_0429,Stakeholder Tool,Churn,1
1229,2025-10-07,USR_0245,Roadmap Planner,Adopt,1
1230,2024-08-14,USR_0189,Meeting Optimizer,Adopt,0
1231,2024-10-23,USR_0178,Meeting Optimizer,Adopt,0
1232,2024-11-14,USR_0089,Roadmap Planner,Adopt,1
1233,2024-01-19,USR_0171,Analytics Dashboard,Adopt,0
1234,2024-12-30,USR_0493,Stakeholder Tool,Churn,0
1235,2025-02-11,USR_0446,Analytics Dashboard,Adopt,1
1236,2024-07-29,USR_0220,Analytics Dashboard,Adopt,0
1237,2024-06-25,USR_0384,Stakeholder Tool,Adopt,0
1238,2025-11-24,USR_0495,Roadmap Planner,Adopt,0
1239,2024-07-09,USR_0373,Stakeholder Tool,Adopt,0
1240,2025-09-24,USR_0074,Roadmap Planner,Adopt,0
1241,2024-07-29,USR_0195,Analytics Dashboard,Adopt,0
1242,2025-02-27,USR_0472,Stakeholder Tool,Churn,0
1243,2024-04-23,USR_0033,Stakeholder Tool,Adopt,0
1244,2025-06-14,USR_0332,Roadmap Planner,Adopt,0
1245,2025-10-15,USR_0074,Analytics Dashboard,Adopt,1
1246,2025-03-27,USR_0314,Meeting Optimizer,Adopt,0
1247,2024-09-25,USR_0075,Stakeholder Tool,Adopt,0
1248,2024-03-06,USR_0435,Meeting Optimizer,Churn,0
1249,2024-01-23,USR_0220,Roadmap Planner,Adopt,0
1250,2024-01-06,USR_0463,Roadmap Planner,Adopt,0
1251,2025-05-22,USR_0050,Stakeholder Tool,Adopt,1
1252,2024-05-21,USR_0013,Stakeholder Tool,Churn,1
1253,2025-08-14,USR_0155,Stakeholder Tool,Adopt,0
1254,2025-05-21,USR_0087,Stakeholder Tool,Churn,0
1255,2025-02-22,USR_0114,Meeting Optimizer,Adopt,1
1256,2025-07-24,USR_0322,Meeting Optimizer,Churn,1
1257,2024-07-07,USR_0460,Roadmap Planner,Churn,0
1258,2024-05-26,USR_0126,Analytics Dashboard,Adopt,0
1259,2024-10-26,USR_0384,Analytics Dashboard,Churn,0
1260,2025-01-09,USR_0028,Roadmap Planner,Churn,0
1261,2024-01-02,USR_0223,Analytics Dashboard,Churn,0
1262,2024-02-07,USR_0215,Stakeholder Tool,Churn,0
1263,2024-07-13,USR_0418,Roadmap Planner,Adopt,1
1264,2024-12-01,USR_0362,Analytics Dashboard,Adopt,0
1265,2024-08-14,USR_0317,Roadmap Planner,Adopt,0
1266,2024-04-06,USR_0349,Meeting Optimizer,Adopt,1
1267,2025-06-25,USR_0388,Roadmap Planner,Adopt,0
1268,2024-12-22,USR_0103,Meeting Optimizer,Adopt,0
1269,2024-08-13,USR_0108,Analytics Dashboard,Adopt,0
1270,2024-05-09,USR_0246,Meeting Optimizer,Adopt,0
1271,2025-02-24,USR_0225,Meeting Optimizer,Adopt,0
1272,2024-03-24,USR_0125,Stakeholder Tool,Adopt,0
1273,2025-03-28,USR_0466,Roadmap Planner,Churn,1
1274,2025-04-29,USR_0229,Stakeholder Tool,Churn,0
1275,2025-07-04,USR_0203,Stakeholder Tool,Adopt,0
1276,2024-08-08,USR_0184,Analytics Dashboard,Adopt,0
1277,2024-04-18,USR_0056,Stakeholder Tool,Adopt,0
1278,2024-05-14,USR_0008,Analytics Dashboard,Adopt,0
1279,2024-01-31,USR_0102,Stakeholder Tool,Adopt,0
1280,2025-08-27,USR_0179,Meeting Optimizer,Adopt,0
1281,2025-07-15,USR_0308,Meeting Optimizer,Adopt,0
1282,2025-11-28,USR_0442,Roadmap Planner,Adopt,0
1283,2024-03-16,USR_0369,Analytics Dashboard,Adopt,0
1284,2024-03-08,USR_0111,Stakeholder Tool,Adopt,0
1285,2025-11-20,USR_0314,Analytics Dashboard,Adopt,0
1286,2025-08-10,USR_0463,Meeting Optimizer,Churn,0
1287,2025-12-02,USR_0333,Roadmap Planner,Adopt,0
1288,2025-01-27,USR_0004,Analytics Dashboard,Churn,1
1289,2025-02-27,USR_0334,Analytics Dashboard,Adopt,0
1290,2024-04-17,USR_0038,Roadmap Planner,Adopt,0
1291,2025-04-10,USR_0021,Meeting Optimizer,Churn,0
1292,2024-07-06,USR_0374,Meeting Optimizer,Adopt,0
1293,2024-01-15,USR_0198,Stakeholder Tool,Churn,0
1294,2025-05-10,USR_0064,Meeting Optimizer,Adopt,1
1295,2025-05-27,USR_0432,Analytics Dashboard,Adopt,1
1296,2024-02-02,USR_0286,Stakeholder Tool,Adopt,0
1297,2025-03-26,USR_0329,Stakeholder Tool,Churn,0
1298,2025-01-07,USR_0235,Stakeholder Tool,Adopt,1
1299,2024-12-08,USR_0481,Meeting Optimizer,Churn,1
1300,2025-03-23,USR_0242,Meeting Optimizer,Adopt,1
1301,2024-03-12,USR_0339,Roadmap Planner,Adopt,0
1302,2024-05-01,USR_0099,Analytics Dashboard,Adopt,0
1303,2024-04-04,USR_0069,Analytics Dashboard,Adopt,0
1304,2024-02-12,USR_0096,Analytics Dashboard,Churn,1
1305,2025-07-24,USR_0351,Stakeholder Tool,Adopt,0
1306,2025-04-30,USR_0306,Meeting Optimizer,Churn,0
1307,2024-07-09,USR_0447,Stakeholder Tool,Churn,1
1308,2024-06-27,USR_0183,Stakeholder Tool,Churn,0
1309,2025-07-09,USR_0347,Analytics Dashboard,Churn,0
1310,2025-02-16,USR_0209,Meeting Optimizer,Adopt,1
1311,2025-12-04,USR_0500,Analytics Dashboard,Adopt,0
1312,2024-08-31,USR_0453,Stakeholder Tool,Churn,0
1313,2024-02-18,USR_0402,Analytics Dashboard,Churn,0
1314,2025-11-04,USR_0115,Stakeholder Tool,Churn,0
1315,2025-07-11,USR_0459,Meeting Optimizer,Churn,0
1316,2024-12-06,USR_0452,Meeting Optimizer,Adopt,0
1317,2024-02-05,USR_0018,Analytics Dashboard,Adopt,0
1318,2024-04-01,USR_0123,Analytics Dashboard,Adopt,0
1319,2025-06-29,USR_0270,Meeting Optimizer,Churn,1
1320,2025-11-18,USR_0431,Roadmap Planner,Adopt,0
1321,2025-12-06,USR_0437,Stakeholder Tool,Adopt,0
1322,2025-06-23,USR_0051,Meeting Optimizer,Adopt,0
1323,2024-01-05,USR_0345,Meeting Optimizer,Churn,0
1324,2025-01-15,USR_0335,Stakeholder Tool,Churn,1
1325,2024-04-02,USR_0080,Roadmap Planner,Adopt,0
1326,2024-01-21,USR_0219,Roadmap Planner,Adopt,0
1327,2024-08-06,USR_0102,Analytics Dashboard,Adopt,1
1328,2024-10-23,USR_0393,Analytics Dashboard,Adopt,0
1329,2024-02-01,USR_0480,Analytics Dashboard,Adopt,0
1330,2025-06-20,USR_0410,Roadmap Planner,Adopt,0
1331,2024-03-17,USR_0390,Stakeholder Tool,Adopt,0
1332,2024-10-21,USR_0144,Stakeholder Tool,Adopt,0
1333,2024-04-27,USR_0351,Stakeholder Tool,Adopt,0
1334,2025-01-01,USR_0037,Analytics Dashboard,Churn,0
1335,2025-03-29,USR_0438,Meeting Optimizer,Adopt,1
1336,2024-05-14,USR_0094,Roadmap Planner,Adopt,1
1337,2024-06-09,USR_0385,Analytics Dashboard,Churn,0
1338,2024-02-22,USR_0344,Roadmap Planner,Adopt,0
1339,2024-10-19,USR_0449,Roadmap Planner,Churn,0
1340,2025-07-07,USR_0010,Analytics Dashboard,Adopt,0
1341,2025-11-17,USR_0447,Stakeholder Tool,Adopt,1
1342,2024-12-17,USR_0325,Meeting Optimizer,Churn,0
1343,2025-01-18,USR_0268,Analytics Dashboard,Churn,0
1344,2025-01-26,USR_0058,Analytics Dashboard,Churn,0
1345,2025-01-13,USR_0223,Analytics Dashboard,Adopt,1
1346,2025-12-19,USR_0342,Meeting Optimizer,Churn,1
1347,2024-06-28,USR_0320,Analytics Dashboard,Churn,0
1348,2025-12-16,USR_0222,Roadmap Planner,Churn,0
1349,2025-01-19,USR_0190,Meeting Optimizer,Churn,1
1350,2025-11-10,USR_0073,Roadmap Planner,Churn,1
1351,2024-08-11,USR_0284,Analytics Dashboard,Adopt,1
1352,2024-01-14,USR_0416,Roadmap Planner,Adopt,1
1353,2025-06-30,USR_0094,Meeting Optimizer,Churn,0
1354,2024-03-22,USR_0491,Roadmap Planner,Adopt,0
1355,2025-06-19,USR_0181,Meeting Optimizer,Churn,1
1356,2025-08-12,USR_0385,Roadmap Planner,Adopt,0
1357,2025-04-08,USR_0424,Analytics Dashboard,Adopt,0
1358,2024-10-07,USR_0182,Roadmap Planner,Churn,1
1359,2025-11-22,USR_0191,Meeting Optimizer,Adopt,1
1360,2025-08-29,USR_0288,Roadmap Planner,Adopt,1
1361,2025-03-22,USR_0210,Analytics Dashboard,Adopt,0
1362,2025-06-11,USR_0102,Stakeholder Tool,Adopt,0
1363,2024-07-19,USR_0052,Roadmap Planner,Churn,1
1364,2025-02-02,USR_0477,Stakeholder Tool,Churn,0
1365,2024-08-30,USR_0379,Meeting Optimizer,Adopt,0
1366,2025-04-01,USR_0328,Meeting Optimizer,Adopt,0
1367,2024-09-23,USR_0075,Stakeholder Tool,Adopt,1
1368,2024-03-03,USR_0063,Stakeholder Tool,Adopt,0
1369,2025-08-09,USR_0049,Analytics Dashboard,Adopt,0
1370,2024-04-26,USR_0457,Meeting Optimizer,Adopt,0
1371,2025-10-23,USR_0132,Analytics Dashboard,Churn,0
1372,2025-04-22,USR_0379,Roadmap Planner,Adopt,0
1373,2025-10-03,USR_0075,Stakeholder Tool,Adopt,0
1374,2025-07-26,USR_0362,Meeting Optimizer,Adopt,0
1375,2024-11-21,USR_0379,Roadmap Planner,Churn,0
1376,2025-07-13,USR_0172,Roadmap Planner,Adopt,1
1377,2025-03-22,USR_0335,Analytics Dashboard,Adopt,0
1378,2025-07-25,USR_0093,Roadmap Planner,Churn,0
1379,2025-10-13,USR_0266,Roadmap Planner,Churn,1
1380,2025-03-07,USR_0103,Analytics Dashboard,Adopt,0
1381,2024-06-11,USR_0389,Analytics Dashboard,Churn,0
1382,2025-06-23,USR_0090,Analytics Dashboard,Adopt,0
1383,2024-09-21,USR_0348,Analytics Dashboard,Churn,0
1384,2025-06-01,USR_0053,Analytics Dashboard,Adopt,0
1385,2025-07-26,USR_0221,Analytics Dashboard,Adopt,0
1386,2024-11-01,USR_0469,Roadmap Planner,Adopt,0
1387,2024-12-18,USR_0427,Meeting Optimizer,Adopt,0
1388,2025-09-03,USR_0389,Analytics Dashboard,Churn,1
1389,2025-06-24,USR_0034,Meeting Optimizer,Adopt,0
1390,2025-09-19,USR_0495,Analytics Dashboard,Adopt,0
1391,2025-07-19,USR_0267,Stakeholder Tool,Adopt,0
1392,2025-05-20,USR_0461,Meeting Optimizer,Adopt,1
1393,2025-04-17,USR_0446,Roadmap Planner,Adopt,0
1394,2025-11-01,USR_0182,Roadmap Planner,Adopt,0
1395,2025-07-18,USR_0362,Analytics Dashboard,Churn,0
1396,2025-12-11,USR_0388,Meeting Optimizer,Churn,1
1397,2025-04-20,USR_0327,Stakeholder Tool,Churn,1
1398,2024-10-18,USR_0056,Stakeholder Tool,Adopt,0
1399,2024-06-26,USR_0358,Stakeholder Tool,Adopt,1
1400,2025-01-28,USR_0074,Analytics Dashboard,Churn,0
1401,2025-06-21,USR_0193,Analytics Dashboard,Churn,0
1402,2025-04-02,USR_0004,Analytics Dashboard,Adopt,1
1403,2025-04-30,USR_0377,Analytics Dashboard,Adopt,0
1404,2025-12-09,USR_0437,Meeting Optimizer,Adopt,0
1405,2025-08-01,USR_0052,Stakeholder Tool,Adopt,0
1406,2025-07-13,USR_0209,Analytics Dashboard,Adopt,0
1407,2024-08-16,USR_0333,Analytics Dashboard,Adopt,0
1408,2025-03-13,USR_0266,Roadmap Planner,Churn,0
1409,2025-04-09,USR_0182,Analytics Dashboard,Adopt,0
1410,2025-06-04,USR_0283,Analytics Dashboard,Adopt,0
1411,2025-09-21,USR_0461,Meeting Optimizer,Adopt,0
1412,2024-01-23,USR_0010,Stakeholder Tool,Churn,0
1413,2024-05-19,USR_0142,Meeting Optimizer,Churn,0
1414,2025-09-09,USR_0008,Analytics Dashboard,Adopt,1
1415,2025-09-26,USR_0064,Analytics Dashboard,Adopt,1
1416,2024-10-11,USR_0154,Meeting Optimizer,Adopt,0
1417,2024-09-07,USR_0452,Analytics Dashboard,Adopt,0
1418,2025-11-16,USR_0152,Stakeholder Tool,Churn,0
1419,2024-11-11,USR_0188,Meeting Optimizer,Adopt,1
1420,2024-07-25,USR_0209,Meeting Optimizer,Adopt,0
1421,2024-01-30,USR_0227,Roadmap Planner,Churn,0
1422,2024-03-27,USR_0104,Analytics Dashboard,Adopt,1
1423,2025-02-26,USR_0118,Analytics Dashboard,Adopt,0
1424,2024-04-02,USR_0397,Roadmap Planner,Adopt,0
1425,2025-01-30,USR_0300,Meeting Optimizer,Adopt,0
1426,2024-03-18,USR_0326,Stakeholder Tool,Churn,1
1427,2025-09-05,USR_0414,Meeting Optimizer,Churn,0
1428,2024-12-08,USR_0130,Meeting Optimizer,Churn,0
1429,2024-04-26,USR_0151,Meeting Optimizer,Churn,0
1430,2024-09-12,USR_0352,Meeting Optimizer,Adopt,0
1431,2024-08-06,USR_0293,Analytics Dashboard,Churn,0
1432,2024-06-14,USR_0180,Roadmap Planner,Adopt,0
1433,2025-10-19,USR_0286,Stakeholder Tool,Churn,0
1434,2025-05-19,USR_0378,Meeting Optimizer,Adopt,0
1435,2025-10-10,USR_0478,Roadmap Planner,Adopt,0
1436,2025-07-10,USR_0492,Analytics Dashboard,Adopt,0
1437,2024-08-22,USR_0238,Analytics Dashboard,Adopt,1
1438,2025-08-10,USR_0083,Stakeholder Tool,Adopt,1
1439,2024-10-23,USR_0065,Analytics Dashboard,Adopt,0
1440,2025-08-21,USR_0431,Analytics Dashboard,Churn,0
1441,2024-12-15,USR_0171,Meeting Optimizer,Churn,1
1442,2024-12-18,USR_0021,Stakeholder Tool,Churn,0
1443,2025-05-31,USR_0441,Meeting Optimizer,Adopt,0
1444,2025-05-28,USR_0055,Stakeholder Tool,Adopt,0
1445,2024-01-14,USR_0360,Stakeholder Tool,Adopt,0
1446,2025-06-17,USR_0450,Stakeholder Tool,Adopt,0
1447,2025-03-11,USR_0256,Roadmap Planner,Adopt,1
1448,2024-06-25,USR_0357,Analytics Dashboard,Adopt,0
1449,2024-04-05,USR_0381,Stakeholder Tool,Churn,0
1450,2024-09-28,USR_0409,Stakeholder Tool,Adopt,0
1451,2025-07-21,USR_0489,Analytics Dashboard,Churn,0
1452,2024-05-01,USR_0266,Analytics Dashboard,Churn,0
1453,2024-02-04,USR_0375,Analytics Dashboard,Adopt,1
1454,2025-06-28,USR_0212,Analytics Dashboard,Churn,0
1455,2024-06-08,USR_0017,Roadmap Planner,Adopt,0
1456,2024-03-15,USR_0335,Analytics Dashboard,Churn,0
1457,2024-02-01,USR_0354,Stakeholder Tool,Adopt,0
1458,2024-12-27,USR_0169,Meeting Optimizer,Adopt,0
1459,2024-12-08,USR_0252,Meeting Optimizer,Adopt,0
1460,2025-10-03,USR_0169,Meeting Optimizer,Adopt,0
1461,2024-07-30,USR_0076,Stakeholder Tool,Adopt,1
1462,2024-11-22,USR_0222,Meeting Optimizer,Churn,1
1463,2024-04-28,USR_0117,Analytics Dashboard,Churn,0
1464,2024-08-08,USR_0259,Roadmap Planner,Adopt,0
1465,2024-11-24,USR_0378,Meeting Optimizer,Adopt,1
1466,2024-07-28,USR_0043,Stakeholder Tool,Adopt,0
1467,2025-08-01,USR_0100,Stakeholder Tool,Adopt,0
1468,2024-06-19,USR_0032,Stakeholder Tool,Churn,0
1469,2024-02-04,USR_0025,Stakeholder Tool,Adopt,0
1470,2024-08-04,USR_0218,Analytics Dashboard,Adopt,0
1471,2025-05-12,USR_0148,Roadmap Planner,Churn,0
1472,2024-12-26,USR_0356,Meeting Optimizer,Adopt,0
1473,2025-01-05,USR_0305,Stakeholder Tool,Churn,0
1474,2025-09-02,USR_0022,Stakeholder Tool,Adopt,1
1475,2024-06-26,USR_0044,Meeting Optimizer,Adopt,1
1476,2024-04-09,USR_0418,Roadmap Planner,Adopt,0
1477,2025-02-08,USR_0381,Roadmap Planner,Adopt,0
1478,2024-06-05,USR_0021,Meeting Optimizer,Adopt,1
1479,2024-03-13,USR_0478,Analytics Dashboard,Adopt,0
1480,2024-01-24,USR_0416,Stakeholder Tool,Churn,0
1481,2024-05-25,USR_0088,Analytics Dashboard,Churn,0
1482,2024-08-02,USR_0210,Meeting Optimizer,Churn,0
1483,2024-02-22,USR_0310,Stakeholder Tool,Adopt,0
1484,2025-02-25,USR_0427,Stakeholder Tool,Adopt,1
1485,2025-02-24,USR_0334,Roadmap Planner,Churn,0
1486,2024-05-21,USR_0416,Roadmap Planner,Adopt,0
1487,2024-07-27,USR_0098,Analytics Dashboard,Adopt,0
1488,2025-12-28,USR_0368,Analytics Dashboard,Churn,0
1489,2024-03-25,USR_0077,Roadmap Planner,Churn,1
1490,2025-03-11,USR_0188,Analytics Dashboard,Adopt,0
1491,2025-03-17,USR_0294,Meeting Optimizer,Adopt,0
1492,2025-01-25,USR_0247,Roadmap Planner,Adopt,1
1493,2025-12-27,USR_0144,Stakeholder Tool,Churn,1
1494,2025-01-22,USR_0267,Stakeholder Tool,Adopt,0
1495,2024-06-20,USR_0449,Analytics Dashboard,Churn,0
1496,2024-10-18,USR_0175,Analytics Dashboard,Churn,0
1497,2024-08-14,USR_0353,Meeting Optimizer,Churn,0
1498,2024-01-29,USR_0438,Stakeholder Tool,Churn,0
1499,2024-09-06,USR_0031,Roadmap Planner,Adopt,0
1500,2024-03-10,USR_0289,Roadmap Planner,Adopt,0
1501,2025-10-23,USR_0406,Stakeholder Tool,Adopt,0
1502,2025-03-21,USR_0393,Roadmap Planner,Adopt,0
1503,2025-04-09,USR_0093,Analytics Dashboard,Adopt,0
1504,2024-09-13,USR_0271,Analytics Dashboard,Adopt,0
1505,2024-06-07,USR_0420,Meeting Optimizer,Adopt,1
1506,2025-04-10,USR_0489,Stakeholder Tool,Adopt,0
1507,2024-03-09,USR_0456,Stakeholder Tool,Adopt,0
1508,2025-02-16,USR_0101,Stakeholder Tool,Adopt,1
1509,2025-10-23,USR_0283,Roadmap Planner,Churn,0
1510,2024-03-04,USR_0293,Analytics Dashboard,Churn,1
1511,2025-04-25,USR_0414,Roadmap Planner,Adopt,0
1512,2025-05-13,USR_0358,Meeting Optimizer,Adopt,0
1513,2025-01-05,USR_0230,Analytics Dashboard,Adopt,0
1514,2024-03-16,USR_0347,Meeting Optimizer,Churn,0
1515,2024-11-27,USR_0320,Stakeholder Tool,Churn,0
1516,2024-11-18,USR_0426,Analytics Dashboard,Adopt,0
1517,2024-01-17,USR_0299,Stakeholder Tool,Adopt,1
1518,2025-03-03,USR_0085,Stakeholder Tool,Adopt,0
1519,2025-02-02,USR_0354,Stakeholder Tool,Adopt,0
1520,2025-10-26,USR_0226,Analytics Dashboard,Adopt,1
1521,2025-06-27,USR_0394,Roadmap Planner,Adopt,0
1522,2025-06-09,USR_0041,Analytics Dashboard,Adopt,1
1523,2024-01-17,USR_0182,Stakeholder Tool,Adopt,0
1524,2024-08-24,USR_0223,Stakeholder Tool,Adopt,1
1525,2025-05-16,USR_0352,Stakeholder Tool,Churn,0
1526,2024-12-20,USR_0080,Roadmap Planner,Churn,1
1527,2024-05-12,USR_0313,Roadmap Planner,Adopt,1
1528,2024-09-12,USR_0227,Stakeholder Tool,Adopt,1
1529,2024-02-21,USR_0239,Roadmap Planner,Churn,1
1530,2024-07-12,USR_0407,Meeting Optimizer,Adopt,0
1531,2025-07-04,USR_0301,Stakeholder Tool,Adopt,0
1532,2025-06-21,USR_0035,Roadmap Planner,Adopt,1
1533,2024-06-15,USR_0234,Roadmap Planner,Adopt,1
1534,2024-11-17,USR_0411,Analytics Dashboard,Adopt,1
1535,2024-02-07,USR_0086,Stakeholder Tool,Churn,0
1536,2024-06-16,USR_0156,Meeting Optimizer,Adopt,0
1537,2024-02-02,USR_0289,Roadmap Planner,Churn,0
1538,2024-09-22,USR_0016,Analytics Dashboard,Adopt,0
1539,2024-02-18,USR_0167,Roadmap Planner,Adopt,0
1540,2024-11-11,USR_0499,Meeting Optimizer,Churn,1
1541,2024-08-06,USR_0272,Stakeholder Tool,Churn,0
1542,2024-11-29,USR_0375,Stakeholder Tool,Adopt,0
1543,2025-07-25,USR_0160,Analytics Dashboard,Churn,0
1544,2025-03-26,USR_0166,Meeting Optimizer,Churn,0
1545,2025-06-16,USR_0073,Roadmap Planner,Churn,1
1546,2024-04-27,USR_0169,Analytics Dashboard,Churn,0
1547,2025-02-28,USR_0205,Analytics Dashboard,Adopt,0
1548,2025-05-13,USR_0168,Analytics Dashboard,Adopt,0
1549,2024-05-01,USR_0293,Meeting Optimizer,Churn,0
1550,2024-09-19,USR_0294,Meeting Optimizer,Adopt,1
1551,2025-02-08,USR_0422,Stakeholder Tool,Churn,0
1552,2024-09-02,USR_0178,Meeting Optimizer,Churn,0
1553,2025-03-29,USR_0377,Stakeholder Tool,Churn,1
1554,2024-09-05,USR_0253,Analytics Dashboard,Adopt,0
1555,2025-05-12,USR_0194,Roadmap Planner,Churn,1
1556,2025-05-06,USR_0189,Analytics Dashboard,Adopt,0
1557,2025-11-03,USR_0078,Roadmap Planner,Churn,1
1558,2025-03-10,USR_0106,Roadmap Planner,Adopt,0
1559,2025-01-10,USR_0108,Meeting Optimizer,Churn,0
1560,2024-02-23,USR_0333,Stakeholder Tool,Churn,1
1561,2025-03-16,USR_0308,Stakeholder Tool,Adopt,0
1562,2025-02-26,USR_0148,Analytics Dashboard,Adopt,1
1563,2025-05-04,USR_0241,Stakeholder Tool,Adopt,0
1564,2024-11-09,USR_0050,Roadmap Planner,Churn,0
1565,2024-06-15,USR_0330,Meeting Optimizer,Adopt,0
1566,2025-07-07,USR_0407,Analytics Dashboard,Churn,1
1567,2025-09-07,USR_0145,Roadmap Planner,Adopt,0
1568,2024-07-23,USR_0073,Analytics Dashboard,Adopt,0
1569,2024-12-17,USR_0282,Analytics Dashboard,Churn,0
1570,2025-06-08,USR_0289,Analytics Dashboard,Adopt,0
1571,2024-07-26,USR_0377,Analytics Dashboard,Adopt,1
1572,2024-12-08,USR_0078,Roadmap Planner,Churn,1
1573,2024-10-31,USR_0253,Meeting Optimizer,Churn,0
1574,2024-06-22,USR_0409,Stakeholder Tool,Churn,0
1575,2025-04-16,USR_0200,Analytics Dashboard,Adopt,0
1576,2025-08-04,USR_0400,Meeting Optimizer,Churn,1
1577,2025-09-13,USR_0317,Analytics Dashboard,Adopt,0
1578,2025-12-16,USR_0295,Stakeholder Tool,Adopt,0
1579,2024-08-28,USR_0210,Roadmap Planner,Adopt,0
1580,2025-04-17,USR_0445,Stakeholder Tool,Adopt,1
1581,2025-11-16,USR_0167,Analytics Dashboard,Adopt,0
1582,2025-09-24,USR_0181,Stakeholder Tool,Churn,0
1583,2025-02-19,USR_0339,Analytics Dashboard,Adopt,1
1584,2025-07-27,USR_0461,Roadmap Planner,Adopt,1
1585,2025-01-04,USR_0231,Analytics Dashboard,Churn,1
1586,2024-05-03,USR_0136,Roadmap Planner,Churn,0
1587,2024-12-02,USR_0302,Stakeholder Tool,Adopt,0
1588,2025-03-26,USR_0288,Meeting Optimizer,Adopt,0
1589,2024-05-05,USR_0274,Analytics Dashboard,Adopt,1
1590,2024-10-11,USR_0205,Roadmap Planner,Adopt,1
1591,2024-07-25,USR_0054,Analytics Dashboard,Adopt,0
1592,2024-11-12,USR_0153,Roadmap Planner,Adopt,0
1593,2025-03-27,USR_0072,Roadmap Planner,Adopt,0
1594,2025-05-01,USR_0378,Stakeholder Tool,Adopt,0
1595,2024-05-14,USR_0124,Roadmap Planner,Adopt,0
1596,2024-06-13,USR_0252,Stakeholder Tool,Adopt,1
1597,2025-10-26,USR_0151,Roadmap Planner,Adopt,1
1598,2024-11-01,USR_0479,Stakeholder Tool,Adopt,0
1599,2024-03-03,USR_0086,Roadmap Planner,Churn,0
1600,2024-09-06,USR_0407,Stakeholder Tool,Churn,1
1601,2024-01-04,USR_0081,Stakeholder Tool,Churn,0
1602,2025-06-14,USR_0214,Roadmap Planner,Adopt,0
1603,2024-03-16,USR_0375,Analytics Dashboard,Adopt,0
1604,2025-01-21,USR_0145,Meeting Optimizer,Adopt,1
1605,2024-12-10,USR_0264,Stakeholder Tool,Adopt,0
1606,2025-04-26,USR_0074,Stakeholder Tool,Adopt,0
1607,2024-08-01,USR_0033,Analytics Dashboard,Churn,0
1608,2025-04-15,USR_0486,Stakeholder Tool,Adopt,1
1609,2024-03-13,USR_0471,Analytics Dashboard,Adopt,1
1610,2024-12-28,USR_0416,Roadmap Planner,Adopt,0
1611,2025-02-06,USR_0445,Analytics Dashboard,Adopt,0
1612,2024-11-30,USR_0021,Stakeholder Tool,Churn,0
1613,2024-11-27,USR_0486,Meeting Optimizer,Churn,0
1614,2025-07-06,USR_0337,Meeting Optimizer,Adopt,0
1615,2025-10-26,USR_0076,Stakeholder Tool,Adopt,1
1616,2024-12-11,USR_0026,Meeting Optimizer,Adopt,1
1617,2025-04-30,USR_0232,Meeting Optimizer,Adopt,1
1618,2024-03-20,USR_0342,Roadmap Planner,Adopt,0
1619,2025-02-03,USR_0009,Analytics Dashboard,Adopt,0
1620,2025-06-12,USR_0304,Stakeholder Tool,Churn,1
1621,2025-01-22,USR_0468,Roadmap Planner,Adopt,1
1622,2024-05-08,USR_0296,Meeting Optimizer,Adopt,0
1623,2024-06-11,USR_0015,Analytics Dashboard,Churn,1
1624,2024-07-23,USR_0313,Analytics Dashboard,Adopt,0
1625,2024-08-14,USR_0076,Meeting Optimizer,Churn,1
1626,2025-02-23,USR_0389,Roadmap Planner,Adopt,0
1627,2025-01-03,USR_0284,Stakeholder Tool,Churn,0
1628,2024-11-15,USR_0055,Analytics Dashboard,Churn,0
1629,2024-03-15,USR_0424,Stakeholder Tool,Adopt,0
1630,2024-05-23,USR_0082,Analytics Dashboard,Adopt,1
1631,2024-05-25,USR_0010,Meeting Optimizer,Adopt,1
1632,2025-11-04,USR_0442,Analytics Dashboard,Churn,0
1633,2025-04-12,USR_0366,Roadmap Planner,Churn,0
1634,2025-08-18,USR_0134,Meeting Optimizer,Adopt,0
1635,2024-10-29,USR_0065,Stakeholder Tool,Churn,0
1636,2025-07-18,USR_0375,Analytics Dashboard,Churn,0
1637,2024-02-16,USR_0298,Analytics Dashboard,Adopt,0
1638,2024-03-08,USR_0113,Roadmap Planner,Churn,1
1639,2024-07-06,USR_0162,Analytics Dashboard,Churn,0
1640,2024-04-11,USR_0421,Meeting Optimizer,Adopt,0
1641,2024-01-30,USR_0089,Analytics Dashboard,Adopt,0
1642,2025-11-27,USR_0194,Stakeholder Tool,Adopt,0
1643,2024-03-02,USR_0376,Meeting Optimizer,Adopt,0
1644,2025-09-13,USR_0307,Meeting Optimizer,Churn,0
1645,2025-04-30,USR_0349,Meeting Optimizer,Adopt,0
1646,2025-09-10,USR_0473,Roadmap Planner,Adopt,0
1647,2025-03-10,USR_0229,Roadmap Planner,Adopt,1
1648,2024-10-07,USR_0119,Stakeholder Tool,Churn,0
1649,2024-04-03,USR_0336,Stakeholder Tool,Adopt,0
1650,2025-12-19,USR_0329,Stakeholder Tool,Adopt,0
1651,2024-11-28,USR_0304,Analytics Dashboard,Adopt,0
1652,2024-04-28,USR_0330,Roadmap Planner,Adopt,1
1653,2025-03-30,USR_0392,Roadmap Planner,Adopt,0
1654,2025-06-03,USR_0311,Meeting Optimizer,Churn,1
1655,2025-12-31,USR_0231,Stakeholder Tool,Churn,1
1656,2025-02-14,USR_0152,Meeting Optimizer,Churn,0
1657,2025-10-23,USR_0121,Stakeholder Tool,Adopt,0
1658,2024-07-30,USR_0168,Meeting Optimizer,Churn,1
1659,2024-08-25,USR_0230,Analytics Dashboard,Adopt,0
1660,2024-08-01,USR_0280,Meeting Optimizer,Adopt,0
1661,2024-08-21,USR_0024,Analytics Dashboard,Adopt,0
1662,2024-04-28,USR_0419,Stakeholder Tool,Churn,1
1663,2024-05-27,USR_0018,Stakeholder Tool,Adopt,1
1664,2024-09-12,USR_0248,Roadmap Planner,Adopt,1
1665,2025-05-15,USR_0383,Analytics Dashboard,Adopt,0
1666,2025-12-19,USR_0102,Roadmap Planner,Adopt,0
1667,2024-01-27,USR_0288,Stakeholder Tool,Adopt,0
1668,2024-07-04,USR_0497,Roadmap Planner,Churn,0
1669,2025-03-22,USR_0090,Analytics Dashboard,Adopt,0
1670,2025-07-31,USR_0154,Roadmap Planner,Churn,0
1671,2024-10-18,USR_0328,Meeting Optimizer,Churn,0
1672,2024-09-10,USR_0184,Roadmap Planner,Adopt,1
1673,2024-08-08,USR_0445,Meeting Optimizer,Churn,1
1674,2025-01-12,USR_0058,Roadmap Planner,Adopt,0
1675,2024-06-17,USR_0391,Meeting Optimizer,Churn,1
1676,2024-06-23,USR_0099,Analytics Dashboard,Churn,0
1677,2025-02-23,USR_0440,Stakeholder Tool,Adopt,0
1678,2025-08-23,USR_0354,Stakeholder Tool,Churn,0
1679,2024-03-17,USR_0189,Analytics Dashboard,Adopt,0
1680,2025-01-26,USR_0021,Stakeholder Tool,Adopt,0
1681,2025-01-12,USR_0149,Stakeholder Tool,Churn,0
1682,2025-09-12,USR_0027,Meeting Optimizer,Adopt,0
1683,2025-04-02,USR_0272,Stakeholder Tool,Churn,1
1684,2024-02-06,USR_0369,Stakeholder Tool,Churn,0
1685,2025-10-16,USR_0225,Analytics Dashboard,Adopt,1
1686,2025-03-21,USR_0105,Roadmap Planner,Churn,1
1687,2024-03-30,USR_0044,Stakeholder Tool,Adopt,1
1688,2024-01-07,USR_0386,Meeting Optimizer,Churn,0
1689,2025-06-28,USR_0237,Roadmap Planner,Adopt,0
1690,2025-03-13,USR_0256,Analytics Dashboard,Churn,0
1691,2025-11-22,USR_0262,Analytics Dashboard,Churn,1
1692,2024-04-12,USR_0373,Stakeholder Tool,Adopt,0
1693,2025-09-02,USR_0203,Meeting Optimizer,Churn,1
1694,2025-03-30,USR_0014,Analytics Dashboard,Churn,1
1695,2025-12-12,USR_0275,Roadmap Planner,Churn,0
1696,2024-10-02,USR_0265,Roadmap Planner,Churn,1
1697,2024-05-07,USR_0475,Stakeholder Tool,Adopt,0
1698,2024-10-22,USR_0078,Roadmap Planner,Adopt,0
1699,2025-01-19,USR_0305,Meeting Optimizer,Adopt,1
1700,2025-06-19,USR_0052,Roadmap Planner,Adopt,0
1701,2025-05-20,USR_0195,Analytics Dashboard,Churn,0
1702,2025-07-24,USR_0213,Meeting Optimizer,Adopt,0
1703,2024-05-22,USR_0014,Analytics Dashboard,Churn,0
1704,2024-01-09,USR_0036,Meeting Optimizer,Adopt,0
1705,2024-07-28,USR_0459,Analytics Dashboard,Adopt,0
1706,2024-02-10,USR_0313,Meeting Optimizer,Adopt,0
1707,2025-04-06,USR_0401,Stakeholder Tool,Adopt,0
1708,2024-01-06,USR_0056,Analytics Dashboard,Adopt,0
1709,2025-05-23,USR_0158,Stakeholder Tool,Churn,0
1710,2025-08-23,USR_0143,Meeting Optimizer,Adopt,0
1711,2025-10-18,USR_0319,Roadmap Planner,Churn,0
1712,2024-12-12,USR_0252,Roadmap Planner,Churn,0
1713,2024-07-28,USR_0360,Meeting Optimizer,Churn,1
1714,2024-11-25,USR_0187,Roadmap Planner,Adopt,1
1715,2025-05-13,USR_0367,Stakeholder Tool,Adopt,0
1716,2024-05-23,USR_0200,Roadmap Planner,Adopt,0
1717,2024-02-07,USR_0414,Stakeholder Tool,Churn,0
1718,2025-08-04,USR_0327,Meeting Optimizer,Adopt,1
1719,2025-11-02,USR_0047,Meeting Optimizer,Churn,0
1720,2024-01-11,USR_0136,Stakeholder Tool,Adopt,0
1721,2024-12-12,USR_0183,Meeting Optimizer,Churn,0
1722,2025-01-05,USR_0194,Stakeholder Tool,Churn,0
1723,2024-07-15,USR_0187,Roadmap Planner,Churn,1
1724,2025-05-28,USR_0184,Roadmap Planner,Churn,0
1725,2025-09-19,USR_0158,Roadmap Planner,Churn,0
1726,2025-06-07,USR_0009,Roadmap Planner,Adopt,0
1727,2025-02-01,USR_0374,Stakeholder Tool,Adopt,0
1728,2024-04-04,USR_0473,Stakeholder Tool,Adopt,0
1729,2024-12-11,USR_0265,Analytics Dashboard,Adopt,0
1730,2025-07-24,USR_0375,Stakeholder Tool,Churn,0
1731,2025-10-16,USR_0008,Stakeholder Tool,Churn,0
1732,2024-02-10,USR_0043,Roadmap Planner,Adopt,0
1733,2024-07-29,USR_0121,Meeting Optimizer,Churn,0
1734,2025-06-23,USR_0342,Analytics Dashboard,Churn,0
1735,2024-04-04,USR_0473,Analytics Dashboard,Adopt,0
1736,2024-02-10,USR_0245,Roadmap Planner,Churn,0
1737,2024-05-25,USR_0388,Stakeholder Tool,Adopt,0
1738,2025-04-17,USR_0376,Roadmap Planner,Adopt,0
1739,2024-05-01,USR_0469,Roadmap Planner,Adopt,1
1740,2024-04-01,USR_0190,Roadmap Planner,Adopt,0
1741,2025-10-09,USR_0189,Analytics Dashboard,Adopt,0
1742,2024-03-19,USR_0022,Stakeholder Tool,Churn,0
1743,2024-02-10,USR_0039,Stakeholder Tool,Adopt,0
1744,2024-06-18,USR_0284,Stakeholder Tool,Churn,0
1745,2025-05-27,USR_0087,Analytics Dashboard,Adopt,1
1746,2024-09-03,USR_0017,Roadmap Planner,Churn,0
1747,2025-02-28,USR_0059,Meeting Optimizer,Churn,0
1748,2024-07-03,USR_0168,Meeting Optimizer,Adopt,0
1749,2024-09-23,USR_0102,Roadmap Planner,Churn,0
1750,2024-10-12,USR_0320,Meeting Optimizer,Churn,0
1751,2024-10-20,USR_0463,Stakeholder Tool,Churn,0
1752,2025-09-01,USR_0141,Analytics Dashboard,Churn,0
1753,2025-07-06,USR_0193,Analytics Dashboard,Churn,0
1754,2025-02-08,USR_0257,Stakeholder Tool,Churn,0
1755,2024-02-29,USR_0238,Meeting Optimizer,Adopt,1
1756,2025-09-06,USR_0214,Roadmap Planner,Adopt,0
1757,2024-07-19,USR_0440,Analytics Dashboard,Churn,1
1758,2025-04-04,USR_0497,Analytics Dashboard,Adopt,0
1759,2025-07-29,USR_0211,Roadmap Planner,Adopt,0
1760,2024-11-14,USR_0125,Roadmap Planner,Churn,0
1761,2024-02-08,USR_0407,Analytics Dashboard,Churn,1
1762,2024-01-09,USR_0464,Stakeholder Tool,Adopt,0
1763,2025-08-01,USR_0273,Meeting Optimizer,Churn,0
1764,2025-01-16,USR_0443,Meeting Optimizer,Adopt,0
1765,2024-11-08,USR_0031,Meeting Optimizer,Adopt,0
1766,2025-07-26,USR_0253,Roadmap Planner,Churn,0
1767,2024-07-25,USR_0284,Stakeholder Tool,Adopt,1
1768,2025-04-23,USR_0141,Roadmap Planner,Adopt,0
1769,2024-11-03,USR_0311,Roadmap Planner,Churn,1
1770,2024-04-13,USR_0269,Roadmap Planner,Adopt,0
1771,2024-09-08,USR_0353,Meeting Optimizer,Adopt,0
1772,2024-06-01,USR_0045,Analytics Dashboard,Churn,0
1773,2024-12-10,USR_0017,Meeting Optimizer,Adopt,0
1774,2024-04-22,USR_0197,Analytics Dashboard,Churn,1
1775,2025-06-22,USR_0455,Analytics Dashboard,Adopt,1
1776,2024-09-13,USR_0153,Stakeholder Tool,Churn,0
1777,2025-07-09,USR_0093,Analytics Dashboard,Adopt,0
1778,2024-09-19,USR_0416,Roadmap Planner,Adopt,0
1779,2025-08-02,USR_0119,Analytics Dashboard,Churn,0
1780,2024-01-07,USR_0299,Meeting Optimizer,Adopt,0
1781,2025-10-02,USR_0497,Analytics Dashboard,Churn,0
1782,2025-11-06,USR_0397,Stakeholder Tool,Adopt,0
1783,2024-01-04,USR_0072,Analytics Dashboard,Adopt,0
1784,2025-03-16,USR_0222,Meeting Optimizer,Churn,0
1785,2025-07-07,USR_0358,Analytics Dashboard,Adopt,1
1786,2024-07-06,USR_0241,Stakeholder Tool,Churn,0
1787,2025-09-10,USR_0435,Analytics Dashboard,Adopt,0
1788,2024-09-25,USR_0378,Roadmap Planner,Churn,0
1789,2024-08-27,USR_0470,Roadmap Planner,Churn,0
1790,2024-01-23,USR_0428,Roadmap Planner,Adopt,0
1791,2024-02-17,USR_0253,Roadmap Planner,Churn,0
1792,2024-04-05,USR_0375,Roadmap Planner,Adopt,0
1793,2025-07-09,USR_0044,Analytics Dashboard,Churn,0
1794,2024-09-21,USR_0391,Meeting Optimizer,Adopt,0
1795,2024-08-14,USR_0290,Stakeholder Tool,Adopt,1
1796,2024-10-20,USR_0258,Analytics Dashboard,Adopt,0
1797,2025-06-15,USR_0482,Stakeholder Tool,Adopt,1
1798,2025-10-14,USR_0095,Analytics Dashboard,Adopt,0
1799,2025-08-08,USR_0312,Meeting Optimizer,Churn,1
1800,2025-06-11,USR_0062,Roadmap Planner,Churn,0
1801,2024-03-21,USR_0491,Meeting Optimizer,Churn,1
1802,2025-06-10,USR_0187,Analytics Dashboard,Adopt,0
1803,2024-04-12,USR_0147,Analytics Dashboard,Adopt,0
1804,2025-11-05,USR_0401,Stakeholder Tool,Adopt,0
1805,2025-01-23,USR_0186,Stakeholder Tool,Adopt,0
1806,2024-07-13,USR_0363,Analytics Dashboard,Churn,1
1807,2024-01-20,USR_0448,Analytics Dashboard,Adopt,0
1808,2025-09-06,USR_0083,Roadmap Planner,Churn,0
1809,2024-03-20,USR_0215,Analytics Dashboard,Adopt,0
1810,2025-01-19,USR_0242,Stakeholder Tool,Adopt,0
1811,2025-10-22,USR_0036,Stakeholder Tool,Churn,0
1812,2024-07-22,USR_0373,Meeting Optimizer,Churn,0
1813,2024-07-30,USR_0111,Roadmap Planner,Churn,1
1814,2024-09-11,USR_0075,Roadmap Planner,Adopt,0
1815,2025-09-09,USR_0120,Stakeholder Tool,Adopt,0
1816,2024-10-12,USR_0225,Stakeholder Tool,Churn,0
1817,2025-04-20,USR_0032,Stakeholder Tool,Adopt,1
1818,2024-02-05,USR_0055,Meeting Optimizer,Adopt,0
1819,2025-01-19,USR_0286,Analytics Dashboard,Churn,1
1820,2025-05-22,USR_0404,Meeting Optimizer,Churn,0
1821,2024-05-04,USR_0484,Stakeholder Tool,Adopt,0
1822,2024-07-25,USR_0218,Analytics Dashboard,Adopt,0
1823,2024-01-24,USR_0400,Analytics Dashboard,Churn,1
1824,2025-06-24,USR_0096,Stakeholder Tool,Adopt,0
1825,2025-12-16,USR_0441,Roadmap Planner,Churn,0
1826,2025-12-30,USR_0462,Stakeholder Tool,Churn,0
1827,2024-02-12,USR_0434,Meeting Optimizer,Adopt,0
1828,2024-04-06,USR_0063,Analytics Dashboard,Churn,1
1829,2025-05-31,USR_0342,Meeting Optimizer,Adopt,0
1830,2025-07-07,USR_0062,Stakeholder Tool,Adopt,0
1831,2024-04-20,USR_0041,Roadmap Planner,Adopt,0
1832,2024-06-22,USR_0045,Meeting Optimizer,Churn,1
1833,2024-02-23,USR_0189,Meeting Optimizer,Adopt,0
1834,2025-07-07,USR_0398,Stakeholder Tool,Adopt,0
1835,2025-09-12,USR_0481,Meeting Optimizer,Adopt,0
1836,2024-05-03,USR_0324,Stakeholder Tool,Adopt,0
1837,2025-08-24,USR_0291,Stakeholder Tool,Churn,0
1838,2025-12-05,USR_0138,Meeting Optimizer,Adopt,1
1839,2024-04-28,USR_0493,Roadmap Planner,Adopt,1
1840,2025-01-04,USR_0344,Meeting Optimizer,Adopt,1
1841,2024-09-14,USR_0375,Meeting Optimizer,Churn,0
1842,2025-04-25,USR_0136,Roadmap Planner,Churn,1
1843,2025-05-21,USR_0392,Roadmap Planner,Adopt,0
1844,2024-04-02,USR_0027,Analytics Dashboard,Churn,0
1845,2024-04-20,USR_0248,Roadmap Planner,Adopt,1
1846,2024-11-24,USR_0126,Stakeholder Tool,Adopt,0
1847,2024-09-08,USR_0180,Analytics Dashboard,Adopt,0
1848,2025-07-22,USR_0243,Stakeholder Tool,Churn,0
1849,2025-07-04,USR_0289,Analytics Dashboard,Adopt,1
1850,2024-01-31,USR_0329,Stakeholder Tool,Adopt,0
1851,2025-11-03,USR_0141,Analytics Dashboard,Adopt,1
1852,2025-09-28,USR_0195,Analytics Dashboard,Adopt,0
1853,2025-12-02,USR_0141,Analytics Dashboard,Churn,0
1854,2025-05-28,USR_0090,Roadmap Planner,Churn,0
1855,2024-10-31,USR_0277,Stakeholder Tool,Churn,0
1856,2024-03-12,USR_0201,Roadmap Planner,Adopt,0
1857,2024-12-09,USR_0378,Roadmap Planner,Adopt,1
1858,2025-07-19,USR_0461,Stakeholder Tool,Adopt,0
1859,2024-03-21,USR_0305,Stakeholder Tool,Adopt,1
1860,2025-07-30,USR_0382,Meeting Optimizer,Churn,0
1861,2024-06-19,USR_0483,Roadmap Planner,Adopt,0
1862,2025-04-14,USR_0109,Roadmap Planner,Churn,0
1863,2024-05-08,USR_0347,Roadmap Planner,Churn,1
1864,2024-07-29,USR_0076,Roadmap Planner,Adopt,1
1865,2025-05-12,USR_0082,Stakeholder Tool,Adopt,0
1866,2025-01-30,USR_0292,Analytics Dashboard,Adopt,0
1867,2024-07-16,USR_0334,Meeting Optimizer,Adopt,1
1868,2024-12-11,USR_0419,Analytics Dashboard,Adopt,1
1869,2025-01-18,USR_0369,Roadmap Planner,Churn,0
1870,2024-08-03,USR_0018,Roadmap Planner,Churn,1
1871,2024-03-07,USR_0392,Analytics Dashboard,Adopt,0
1872,2024-10-10,USR_0181,Stakeholder Tool,Adopt,0
1873,2025-03-21,USR_0326,Roadmap Planner,Churn,0
1874,2024-09-15,USR_0130,Roadmap Planner,Adopt,1
1875,2024-03-05,USR_0223,Meeting Optimizer,Churn,0
1876,2024-07-03,USR_0318,Meeting Optimizer,Adopt,1
1877,2025-05-08,USR_0118,Analytics Dashboard,Adopt,1
1878,2025-07-22,USR_0499,Meeting Optimizer,Churn,1
1879,2024-05-31,USR_0150,Analytics Dashboard,Churn,0
1880,2024-12-14,USR_0423,Analytics Dashboard,Adopt,0
1881,2024-05-30,USR_0074,Meeting Optimizer,Adopt,1
1882,2024-08-19,USR_0298,Analytics Dashboard,Adopt,0
1883,2024-05-03,USR_0234,Stakeholder Tool,Adopt,0
1884,2025-01-23,USR_0396,Analytics Dashboard,Adopt,0
1885,2024-01-05,USR_0314,Analytics Dashboard,Adopt,0
1886,2024-02-13,USR_0039,Analytics Dashboard,Churn,0
1887,2025-08-22,USR_0281,Meeting Optimizer,Adopt,0
1888,2025-01-24,USR_0427,Stakeholder Tool,Adopt,0
1889,2024-04-28,USR_0088,Stakeholder Tool,Churn,0
1890,2024-02-26,USR_0490,Stakeholder Tool,Churn,0
1891,2025-09-03,USR_0117,Roadmap Planner,Adopt,0
1892,2025-08-06,USR_0385,Analytics Dashboard,Adopt,0
1893,2025-02-21,USR_0045,Analytics Dashboard,Adopt,0
1894,2024-04-17,USR_0265,Analytics Dashboard,Adopt,0
1895,2024-04-02,USR_0358,Analytics Dashboard,Adopt,0
1896,2025-12-12,USR_0400,Roadmap Planner,Adopt,1
1897,2024-09-27,USR_0387,Meeting Optimizer,Adopt,0
1898,2024-12-25,USR_0190,Stakeholder Tool,Adopt,1
1899,2025-09-26,USR_0052,Stakeholder Tool,Adopt,0
1900,2025-12-07,USR_0313,Stakeholder Tool,Churn,0
1901,2024-05-06,USR_0015,Roadmap Planner,Adopt,1
1902,2025-04-13,USR_0413,Roadmap Planner,Adopt,1
1903,2025-09-17,USR_0341,Stakeholder Tool,Adopt,0
1904,2024-01-30,USR_0134,Meeting Optimizer,Churn,0
1905,2025-07-26,USR_0427,Stakeholder Tool,Churn,1
1906,2024-02-11,USR_0151,Stakeholder Tool,Adopt,0
1907,2024-02-15,USR_0440,Analytics Dashboard,Churn,1
1908,2025-10-30,USR_0145,Stakeholder Tool,Adopt,1
1909,2024-02-16,USR_0131,Roadmap Planner,Adopt,0
1910,2024-08-05,USR_0336,Meeting Optimizer,Churn,0
1911,2024-10-25,USR_0394,Analytics Dashboard,Churn,1
1912,2024-05-26,USR_0182,Meeting Optimizer,Adopt,0
1913,2024-10-08,USR_0373,Roadmap Planner,Adopt,0
1914,2025-09-20,USR_0318,Stakeholder Tool,Churn,0
1915,2024-11-10,USR_0254,Stakeholder Tool,Churn,1
1916,2024-01-31,USR_0198,Analytics Dashboard,Adopt,0
1917,2025-03-22,USR_0234,Analytics Dashboard,Adopt,0
1918,2025-06-04,USR_0309,Stakeholder Tool,Adopt,0
1919,2024-12-05,USR_0141,Analytics Dashboard,Churn,0
1920,2025-05-30,USR_0294,Roadmap Planner,Churn,0
1921,2024-04-28,USR_0103,Meeting Optimizer,Adopt,0
1922,2024-08-09,USR_0487,Stakeholder Tool,Adopt,0
1923,2024-07-21,USR_0282,Meeting Optimizer,Churn,0
1924,2025-08-31,USR_0492,Roadmap Planner,Adopt,0
1925,2025-05-04,USR_0087,Analytics Dashboard,Adopt,0
1926,2024-08-29,USR_0496,Analytics Dashboard,Adopt,1
1927,2025-04-02,USR_0205,Meeting Optimizer,Adopt,1
1928,2024-11-22,USR_0112,Meeting Optimizer,Adopt,0
1929,2025-02-27,USR_0047,Roadmap Planner,Adopt,1
1930,2025-05-27,USR_0161,Roadmap Planner,Adopt,0
1931,2024-11-07,USR_0121,Meeting Optimizer,Adopt,0
1932,2024-07-25,USR_0498,Analytics Dashboard,Adopt,0
1933,2025-07-21,USR_0415,Meeting Optimizer,Churn,0
1934,2025-06-30,USR_0024,Roadmap Planner,Adopt,0
1935,2025-06-13,USR_0120,Meeting Optimizer,Adopt,0
1936,2025-11-23,USR_0090,Roadmap Planner,Adopt,0
1937,2024-08-22,USR_0314,Meeting Optimizer,Churn,0
1938,2024-07-11,USR_0205,Meeting Optimizer,Churn,0
1939,2025-05-18,USR_0429,Stakeholder Tool,Churn,0
1940,2025-02-14,USR_0471,Roadmap Planner,Adopt,0
1941,2024-02-17,USR_0317,Meeting Optimizer,Churn,1
1942,2025-01-03,USR_0105,Analytics Dashboard,Adopt,0
1943,2025-09-29,USR_0162,Meeting Optimizer,Adopt,0
1944,2025-10-12,USR_0171,Stakeholder Tool,Churn,0
1945,2024-03-16,USR_0343,Roadmap Planner,Adopt,1
1946,2024-08-17,USR_0135,Analytics Dashboard,Adopt,0
1947,2025-02-25,USR_0489,Analytics Dashboard,Adopt,1
1948,2025-08-06,USR_0180,Stakeholder Tool,Adopt,0
1949,2024-11-11,USR_0442,Analytics Dashboard,Churn,0
1950,2024-08-17,USR_0164,Analytics Dashboard,Churn,0
1951,2024-03-19,USR_0202,Roadmap Planner,Adopt,0
1952,2025-04-26,USR_0031,Roadmap Planner,Adopt,0
1953,2025-06-08,USR_0431,Stakeholder Tool,Adopt,0
1954,2024-04-12,USR_0092,Roadmap Planner,Churn,1
1955,2024-04-12,USR_0280,Stakeholder Tool,Adopt,0
1956,2025-11-14,USR_0493,Roadmap Planner,Adopt,0
1957,2025-09-18,USR_0429,Stakeholder Tool,Adopt,0
1958,2025-08-30,USR_0404,Analytics Dashboard,Adopt,1
1959,2025-09-19,USR_0109,Meeting Optimizer,Adopt,0
1960,2025-05-13,USR_0160,Meeting Optimizer,Churn,1
1961,2025-02-26,USR_0486,Meeting Optimizer,Adopt,0
1962,2024-09-28,USR_0420,Meeting Optimizer,Adopt,0
1963,2024-03-03,USR_0246,Meeting Optimizer,Adopt,0
1964,2025-07-16,USR_0135,Stakeholder Tool,Adopt,0
1965,2025-04-14,USR_0456,Stakeholder Tool,Churn,1
1966,2024-07-20,USR_0409,Meeting Optimizer,Adopt,0
1967,2024-08-27,USR_0171,Stakeholder Tool,Adopt,0
1968,2024-10-30,USR_0492,Analytics Dashboard,Adopt,0
1969,2025-04-28,USR_0408,Roadmap Planner,Churn,0
1970,2025-07-03,USR_0085,Analytics Dashboard,Adopt,1
1971,2024-09-14,USR_0487,Roadmap Planner,Churn,1
1972,2025-12-18,USR_0044,Meeting Optimizer,Adopt,0
1973,2024-06-02,USR_0240,Analytics Dashboard,Churn,0
1974,2024-04-23,USR_0030,Roadmap Planner,Churn,1
1975,2025-12-27,USR_0243,Roadmap Planner,Churn,1
1976,2024-02-19,USR_0028,Analytics Dashboard,Adopt,1
1977,2024-05-19,USR_0166,Meeting Optimizer,Adopt,0
1978,2025-03-12,USR_0064,Roadmap Planner,Adopt,0
1979,2025-01-04,USR_0377,Stakeholder Tool,Adopt,1
1980,2024-01-04,USR_0322,Roadmap Planner,Churn,0
1981,2024-08-08,USR_0063,Roadmap Planner,Churn,1
1982,2024-04-27,USR_0242,Analytics Dashboard,Churn,0
1983,2024-09-20,USR_0189,Roadmap Planner,Adopt,0
1984,2024-09-02,USR_0293,Meeting Optimizer,Adopt,0
1985,2024-11-01,USR_0080,Meeting Optimizer,Churn,1
1986,2025-05-18,USR_0487,Meeting Optimizer,Churn,0
1987,2024-05-18,USR_0397,Meeting Optimizer,Adopt,0
1988,2024-06-03,USR_0013,Meeting Optimizer,Churn,0
1989,2025-06-17,USR_0372,Roadmap Planner,Churn,0
1990,2024-07-23,USR_0239,Roadmap Planner,Churn,0
1991,2024-04-03,USR_0423,Stakeholder Tool,Churn,0
1992,2025-10-05,USR_0089,Meeting Optimizer,Adopt,0
1993,2024-07-27,USR_0396,Roadmap Planner,Churn,0
1994,2024-07-26,USR_0487,Roadmap Planner,Adopt,0
1995,2025-01-26,USR_0373,Stakeholder Tool,Adopt,0
1996,2024-01-18,USR_0130,Roadmap Planner,Adopt,1
1997,2024-01-17,USR_0349,Roadmap Planner,Adopt,1
1998,2025-05-03,USR_0043,Roadmap Planner,Adopt,0
1999,2024-08-22,USR_0092,Meeting Optimizer,Adopt,0
2000,2024-01-16,USR_0232,Roadmap Planner,Churn,1
2001,2025-06-22,USR_0075,Stakeholder Tool,Adopt,1
2002,2025-08-05,USR_0167,Analytics Dashboard,Adopt,1
2003,2025-12-08,USR_0060,Roadmap Planner,Adopt,1
2004,2024-10-31,USR_0044,Analytics Dashboard,Adopt,0
2005,2024-08-25,USR_0257,Stakeholder Tool,Adopt,0
2006,2025-10-13,USR_0311,Stakeholder Tool,Churn,1
2007,2025-11-06,USR_0063,Analytics Dashboard,Adopt,1
2008,2025-02-18,USR_0432,Roadmap Planner,Adopt,0
2009,2024-08-16,USR_0198,Stakeholder Tool,Adopt,0
2010,2025-04-18,USR_0056,Roadmap Planner,Churn,1
2011,2025-06-01,USR_0190,Stakeholder Tool,Adopt,0
2012,2025-11-01,USR_0262,Analytics Dashboard,Adopt,0
2013,2024-10-04,USR_0478,Meeting Optimizer,Adopt,0
2014,2024-12-22,USR_0305,Roadmap Planner,Adopt,0
2015,2025-09-10,USR_0475,Roadmap Planner,Churn,1
2016,2025-09-05,USR_0461,Stakeholder Tool,Churn,1
2017,2025-02-14,USR_0015,Meeting Optimizer,Churn,0
2018,2025-10-13,USR_0101,Stakeholder Tool,Adopt,1
2019,2025-01-22,USR_0149,Stakeholder Tool,Adopt,1
2020,2025-09-24,USR_0106,Stakeholder Tool,Adopt,0
2021,2025-03-28,USR_0023,Stakeholder Tool,Adopt,1
2022,2024-10-29,USR_0452,Stakeholder Tool,Adopt,1
2023,2024-01-09,USR_0281,Meeting Optimizer,Adopt,0
2024,2024-12-04,USR_0361,Analytics Dashboard,Adopt,0
2025,2024-03-31,USR_0462,Roadmap Planner,Churn,0
2026,2024-08-12,USR_0478,Stakeholder Tool,Churn,1
2027,2025-02-12,USR_0230,Roadmap Planner,Churn,0
2028,2025-06-03,USR_0349,Meeting Optimizer,Adopt,0
2029,2025-08-22,USR_0144,Stakeholder Tool,Churn,0
2030,2024-06-10,USR_0331,Roadmap Planner,Adopt,0
2031,2025-09-11,USR_0267,Roadmap Planner,Churn,0
2032,2025-06-09,USR_0285,Roadmap Planner,Adopt,0
2033,2024-07-28,USR_0330,Stakeholder Tool,Adopt,0
2034,2024-08-05,USR_0052,Meeting Optimizer,Adopt,0
2035,2024-12-19,USR_0203,Analytics Dashboard,Churn,1
2036,2025-12-17,USR_0002,Meeting Optimizer,Churn,0
2037,2025-11-05,USR_0244,Roadmap Planner,Churn,0
2038,2025-03-12,USR_0227,Stakeholder Tool,Adopt,0
2039,2024-09-30,USR_0384,Analytics Dashboard,Adopt,0
2040,2025-12-01,USR_0144,Meeting Optimizer,Adopt,0
2041,2024-06-14,USR_0143,Analytics Dashboard,Churn,1
2042,2024-02-14,USR_0052,Meeting Optimizer,Adopt,1
2043,2024-09-18,USR_0080,Stakeholder Tool,Churn,0
2044,2024-07-14,USR_0461,Stakeholder Tool,Adopt,0
2045,2025-05-31,USR_0024,Stakeholder Tool,Adopt,1
2046,2025-02-07,USR_0229,Meeting Optimizer,Adopt,0
2047,2024-09-09,USR_0184,Meeting Optimizer,Churn,1
2048,2025-05-15,USR_0269,Roadmap Planner,Churn,0
2049,2024-10-06,USR_0417,Roadmap Planner,Churn,0
2050,2025-10-13,USR_0016,Meeting Optimizer,Churn,1
2051,2025-01-15,USR_0447,Stakeholder Tool,Adopt,0
2052,2024-07-01,USR_0397,Analytics Dashboard,Adopt,1
2053,2024-06-30,USR_0095,Stakeholder Tool,Churn,1
2054,2024-02-06,USR_0404,Meeting Optimizer,Adopt,0
2055,2024-02-23,USR_0234,Roadmap Planner,Adopt,0
2056,2024-01-07,USR_0353,Analytics Dashboard,Adopt,0
2057,2024-12-28,USR_0433,Meeting Optimizer,Adopt,1
2058,2024-08-31,USR_0309,Stakeholder Tool,Adopt,0
2059,2024-10-30,USR_0468,Roadmap Planner,Churn,0
2060,2025-06-13,USR_0157,Analytics Dashboard,Adopt,0
2061,2025-02-22,USR_0149,Meeting Optimizer,Churn,1
2062,2025-03-16,USR_0022,Roadmap Planner,Adopt,0
2063,2024-05-30,USR_0055,Meeting Optimizer,Churn,0
2064,2024-07-01,USR_0373,Analytics Dashboard,Adopt,0
2065,2025-07-30,USR_0479,Meeting Optimizer,Adopt,0
2066,2025-05-20,USR_0174,Meeting Optimizer,Adopt,0
2067,2025-02-16,USR_0275,Analytics Dashboard,Adopt,0
2068,2024-11-05,USR_0396,Stakeholder Tool,Churn,0
2069,2025-07-29,USR_0044,Analytics Dashboard,Churn,0
2070,2025-10-01,USR_0230,Meeting Optimizer,Churn,1
2071,2024-08-14,USR_0246,Stakeholder Tool,Churn,0
2072,2025-08-27,USR_0404,Meeting Optimizer,Adopt,0
2073,2025-01-21,USR_0177,Analytics Dashboard,Churn,0
2074,2024-07-02,USR_0437,Meeting Optimizer,Adopt,0
2075,2025-05-10,USR_0278,Meeting Optimizer,Adopt,0
2076,2024-09-30,USR_0194,Meeting Optimizer,Churn,1
2077,2024-09-20,USR_0328,Roadmap Planner,Adopt,0
2078,2025-07-05,USR_0293,Stakeholder Tool,Churn,0
2079,2025-09-05,USR_0012,Stakeholder Tool,Adopt,1
2080,2025-01-08,USR_0095,Roadmap Planner,Adopt,0
2081,2025-02-14,USR_0433,Meeting Optimizer,Adopt,1
2082,2024-06-29,USR_0263,Stakeholder Tool,Adopt,1
2083,2024-06-17,USR_0259,Roadmap Planner,Churn,0
2084,2025-10-11,USR_0121,Meeting Optimizer,Adopt,1
2085,2024-11-12,USR_0225,Analytics Dashboard,Churn,0
2086,2025-05-04,USR_0420,Analytics Dashboard,Adopt,0
2087,2024-10-18,USR_0211,Analytics Dashboard,Adopt,0
2088,2025-12-15,USR_0474,Meeting Optimizer,Churn,1
2089,2024-04-20,USR_0020,Analytics Dashboard,Churn,1
2090,2024-03-02,USR_0007,Stakeholder Tool,Churn,0
2091,2024-09-19,USR_0095,Meeting Optimizer,Churn,0
2092,2024-10-27,USR_0449,Roadmap Planner,Adopt,0
2093,2025-08-11,USR_0210,Analytics Dashboard,Adopt,1
2094,2024-06-15,USR_0475,Roadmap Planner,Adopt,0
2095,2024-11-09,USR_0481,Meeting Optimizer,Adopt,1
2096,2025-12-21,USR_0297,Stakeholder Tool,Adopt,1
2097,2024-06-04,USR_0277,Meeting Optimizer,Churn,1
2098,2024-01-21,USR_0133,Stakeholder Tool,Adopt,0
2099,2024-12-25,USR_0078,Meeting Optimizer,Adopt,0
2100,2024-07-14,USR_0393,Stakeholder Tool,Adopt,0
2101,2024-11-18,USR_0460,Stakeholder Tool,Churn,1
2102,2025-01-18,USR_0407,Meeting Optimizer,Adopt,1
2103,2025-08-21,USR_0349,Analytics Dashboard,Churn,0
2104,2025-01-09,USR_0477,Roadmap Planner,Adopt,0
2105,2025-10-22,USR_0486,Roadmap Planner,Churn,0
2106,2025-12-03,USR_0201,Meeting Optimizer,Churn,0
2107,2024-09-07,USR_0069,Meeting Optimizer,Churn,0
2108,2024-03-28,USR_0469,Meeting Optimizer,Churn,0
2109,2024-05-11,USR_0229,Meeting Optimizer,Churn,0
2110,2025-04-15,USR_0480,Roadmap Planner,Adopt,0
2111,2024-10-10,USR_0164,Meeting Optimizer,Churn,0
2112,2024-10-02,USR_0296,Meeting Optimizer,Adopt,1
2113,2024-10-16,USR_0467,Meeting Optimizer,Churn,0
2114,2024-10-11,USR_0318,Roadmap Planner,Churn,0
2115,2025-06-30,USR_0102,Analytics Dashboard,Churn,1
